-- phpMyAdmin SQL Dump
-- version 4.9.3
-- https://www.phpmyadmin.net/
--
-- Host: localhost:8889
-- Generation Time: Jul 27, 2020 at 07:45 PM
-- Server version: 5.7.26
-- PHP Version: 7.4.2

SET SQL_MODE = "NO_AUTO_VALUE_ON_ZERO";
SET time_zone = "+00:00";


/*!40101 SET @OLD_CHARACTER_SET_CLIENT=@@CHARACTER_SET_CLIENT */;
/*!40101 SET @OLD_CHARACTER_SET_RESULTS=@@CHARACTER_SET_RESULTS */;
/*!40101 SET @OLD_COLLATION_CONNECTION=@@COLLATION_CONNECTION */;
/*!40101 SET NAMES utf8mb4 */;

--
-- Database: `SS_stereoClub`
--

-- --------------------------------------------------------

--
-- Table structure for table `ChangeSet`
--

CREATE TABLE `ChangeSet` (
  `ID` int(11) NOT NULL,
  `ClassName` enum('SilverStripe\\Versioned\\ChangeSet') DEFAULT 'SilverStripe\\Versioned\\ChangeSet',
  `LastEdited` datetime DEFAULT NULL,
  `Created` datetime DEFAULT NULL,
  `Name` varchar(255) DEFAULT NULL,
  `State` enum('open','published','reverted') DEFAULT 'open',
  `IsInferred` tinyint(1) UNSIGNED NOT NULL DEFAULT '0',
  `Description` mediumtext,
  `PublishDate` datetime DEFAULT NULL,
  `LastSynced` datetime DEFAULT NULL,
  `OwnerID` int(11) NOT NULL DEFAULT '0',
  `PublisherID` int(11) NOT NULL DEFAULT '0'
) ENGINE=InnoDB DEFAULT CHARSET=utf8;

--
-- Dumping data for table `ChangeSet`
--

INSERT INTO `ChangeSet` (`ID`, `ClassName`, `LastEdited`, `Created`, `Name`, `State`, `IsInferred`, `Description`, `PublishDate`, `LastSynced`, `OwnerID`, `PublisherID`) VALUES
(1, 'SilverStripe\\Versioned\\ChangeSet', '2020-07-24 12:39:58', '2020-07-24 12:39:58', 'Generated by publish of \'Home\' at Jul 24, 2020, 12:39 PM', 'published', 1, NULL, '2020-07-24 12:39:58', '2020-07-24 12:39:58', 0, 1),
(2, 'SilverStripe\\Versioned\\ChangeSet', '2020-07-24 12:41:02', '2020-07-24 12:41:02', 'Generated by publish of \'WELCOME TO STEREOCLUB\' at Jul 24, 2020, 12:41 PM', 'published', 1, NULL, '2020-07-24 12:41:02', '2020-07-24 12:41:02', 0, 1),
(3, 'SilverStripe\\Versioned\\ChangeSet', '2020-07-24 12:42:23', '2020-07-24 12:42:23', 'Generated by publish of \'Stereo Club\' at Jul 24, 2020, 12:42 PM', 'published', 1, NULL, '2020-07-24 12:42:23', '2020-07-24 12:42:23', 0, 1),
(4, 'SilverStripe\\Versioned\\ChangeSet', '2020-07-24 13:26:07', '2020-07-24 13:26:07', 'Generated by publish of \'Martinez\' at Jul 24, 2020, 1:26 PM', 'published', 1, NULL, '2020-07-24 13:26:07', '2020-07-24 13:26:07', 0, 1),
(5, 'SilverStripe\\Versioned\\ChangeSet', '2020-07-24 13:27:41', '2020-07-24 13:27:41', 'Generated by publish of \'Dark & Stormy\' at Jul 24, 2020, 1:27 PM', 'published', 1, NULL, '2020-07-24 13:27:41', '2020-07-24 13:27:41', 0, 1),
(6, 'SilverStripe\\Versioned\\ChangeSet', '2020-07-24 13:27:49', '2020-07-24 13:27:49', 'Generated by publish of \'Dark & Stormy\' at Jul 24, 2020, 1:27 PM', 'published', 1, NULL, '2020-07-24 13:27:49', '2020-07-24 13:27:49', 0, 1),
(7, 'SilverStripe\\Versioned\\ChangeSet', '2020-07-24 13:30:26', '2020-07-24 13:30:26', 'Generated by publish of \'Daiquiri\' at Jul 24, 2020, 1:30 PM', 'published', 1, NULL, '2020-07-24 13:30:26', '2020-07-24 13:30:26', 0, 1),
(8, 'SilverStripe\\Versioned\\ChangeSet', '2020-07-24 13:31:08', '2020-07-24 13:31:08', 'Generated by publish of \'Daiquiri\' at Jul 24, 2020, 1:31 PM', 'published', 1, NULL, '2020-07-24 13:31:08', '2020-07-24 13:31:08', 0, 1),
(9, 'SilverStripe\\Versioned\\ChangeSet', '2020-07-25 12:09:17', '2020-07-25 12:09:17', 'Generated by publish of \'Mint Julep\' at Jul 25, 2020, 12:09 PM', 'published', 1, NULL, '2020-07-25 12:09:17', '2020-07-25 12:09:17', 0, 1),
(10, 'SilverStripe\\Versioned\\ChangeSet', '2020-07-26 10:42:23', '2020-07-26 10:42:23', 'Generated by publish of \'Sidecar\' at Jul 26, 2020, 10:42 AM', 'published', 1, NULL, '2020-07-26 10:42:23', '2020-07-26 10:42:23', 0, 1),
(11, 'SilverStripe\\Versioned\\ChangeSet', '2020-07-26 10:42:58', '2020-07-26 10:42:58', 'Generated by publish of \'Paloma\' at Jul 26, 2020, 10:42 AM', 'published', 1, NULL, '2020-07-26 10:42:58', '2020-07-26 10:42:58', 0, 1),
(12, 'SilverStripe\\Versioned\\ChangeSet', '2020-07-26 10:43:31', '2020-07-26 10:43:31', 'Generated by publish of \'Mimosa\' at Jul 26, 2020, 10:43 AM', 'published', 1, NULL, '2020-07-26 10:43:31', '2020-07-26 10:43:31', 0, 1),
(13, 'SilverStripe\\Versioned\\ChangeSet', '2020-07-26 10:43:56', '2020-07-26 10:43:56', 'Generated by publish of \'Pimm\'s Cup\' at Jul 26, 2020, 10:43 AM', 'published', 1, NULL, '2020-07-26 10:43:56', '2020-07-26 10:43:56', 0, 1),
(14, 'SilverStripe\\Versioned\\ChangeSet', '2020-07-26 10:44:22', '2020-07-26 10:44:22', 'Generated by publish of \'Sazerac\' at Jul 26, 2020, 10:44 AM', 'published', 1, NULL, '2020-07-26 10:44:22', '2020-07-26 10:44:22', 0, 1),
(15, 'SilverStripe\\Versioned\\ChangeSet', '2020-07-26 10:44:30', '2020-07-26 10:44:29', 'Generated by publish of \'Sazerac\' at Jul 26, 2020, 10:44 AM', 'published', 1, NULL, '2020-07-26 10:44:30', '2020-07-26 10:44:30', 0, 1),
(16, 'SilverStripe\\Versioned\\ChangeSet', '2020-07-26 10:44:45', '2020-07-26 10:44:45', 'Generated by publish of \'Pimm\'s Cup\' at Jul 26, 2020, 10:44 AM', 'published', 1, NULL, '2020-07-26 10:44:45', '2020-07-26 10:44:45', 0, 1),
(17, 'SilverStripe\\Versioned\\ChangeSet', '2020-07-26 11:24:13', '2020-07-26 11:24:13', 'Generated by publish of \'Stereo Club\' at Jul 26, 2020, 11:24 AM', 'published', 1, NULL, '2020-07-26 11:24:13', '2020-07-26 11:24:13', 0, 1),
(18, 'SilverStripe\\Versioned\\ChangeSet', '2020-07-26 16:13:16', '2020-07-26 16:13:16', 'Generated by publish of \'sortedPrice\' at Jul 26, 2020, 4:13 PM', 'published', 1, NULL, '2020-07-26 16:13:16', '2020-07-26 16:13:16', 0, 1),
(19, 'SilverStripe\\Versioned\\ChangeSet', '2020-07-26 16:13:33', '2020-07-26 16:13:33', 'Generated by publish of \'sortedPrice\' at Jul 26, 2020, 4:13 PM', 'published', 1, NULL, '2020-07-26 16:13:33', '2020-07-26 16:13:33', 0, 1),
(20, 'SilverStripe\\Versioned\\ChangeSet', '2020-07-26 17:55:56', '2020-07-26 17:55:56', 'Generated by publish of \'Martinez\' at Jul 26, 2020, 5:55 PM', 'published', 1, NULL, '2020-07-26 17:55:56', '2020-07-26 17:55:56', 0, 1),
(21, 'SilverStripe\\Versioned\\ChangeSet', '2020-07-26 18:05:30', '2020-07-26 18:05:29', 'Generated by publish of \'Martinez\' at Jul 26, 2020, 6:05 PM', 'published', 1, NULL, '2020-07-26 18:05:30', '2020-07-26 18:05:29', 0, 1),
(22, 'SilverStripe\\Versioned\\ChangeSet', '2020-07-26 18:35:51', '2020-07-26 18:35:51', 'Generated by publish of \'Dark & Stormy\' at Jul 26, 2020, 6:35 PM', 'published', 1, NULL, '2020-07-26 18:35:51', '2020-07-26 18:35:51', 0, 1),
(23, 'SilverStripe\\Versioned\\ChangeSet', '2020-07-26 18:36:05', '2020-07-26 18:36:04', 'Generated by publish of \'Daiquiri\' at Jul 26, 2020, 6:36 PM', 'published', 1, NULL, '2020-07-26 18:36:05', '2020-07-26 18:36:04', 0, 1),
(24, 'SilverStripe\\Versioned\\ChangeSet', '2020-07-26 18:36:21', '2020-07-26 18:36:21', 'Generated by publish of \'Paloma\' at Jul 26, 2020, 6:36 PM', 'published', 1, NULL, '2020-07-26 18:36:21', '2020-07-26 18:36:21', 0, 1),
(25, 'SilverStripe\\Versioned\\ChangeSet', '2020-07-27 19:35:48', '2020-07-27 19:35:48', 'Generated by publish of \'Old Fashioned\' at Jul 27, 2020, 7:35 PM', 'published', 1, NULL, '2020-07-27 19:35:48', '2020-07-27 19:35:48', 0, 1),
(26, 'SilverStripe\\Versioned\\ChangeSet', '2020-07-27 19:36:31', '2020-07-27 19:36:30', 'Generated by publish of \'Margarita\' at Jul 27, 2020, 7:36 PM', 'published', 1, NULL, '2020-07-27 19:36:31', '2020-07-27 19:36:31', 0, 1),
(27, 'SilverStripe\\Versioned\\ChangeSet', '2020-07-27 19:37:02', '2020-07-27 19:37:02', 'Generated by publish of \'Cosmopolitan\' at Jul 27, 2020, 7:37 PM', 'published', 1, NULL, '2020-07-27 19:37:02', '2020-07-27 19:37:02', 0, 1),
(28, 'SilverStripe\\Versioned\\ChangeSet', '2020-07-27 19:37:31', '2020-07-27 19:37:31', 'Generated by publish of \'Cosmopolitan\' at Jul 27, 2020, 7:37 PM', 'published', 1, NULL, '2020-07-27 19:37:31', '2020-07-27 19:37:31', 0, 1);

-- --------------------------------------------------------

--
-- Table structure for table `ChangeSetItem`
--

CREATE TABLE `ChangeSetItem` (
  `ID` int(11) NOT NULL,
  `ClassName` enum('SilverStripe\\Versioned\\ChangeSetItem') DEFAULT 'SilverStripe\\Versioned\\ChangeSetItem',
  `LastEdited` datetime DEFAULT NULL,
  `Created` datetime DEFAULT NULL,
  `VersionBefore` int(11) NOT NULL DEFAULT '0',
  `VersionAfter` int(11) NOT NULL DEFAULT '0',
  `Added` enum('explicitly','implicitly') DEFAULT 'implicitly',
  `ChangeSetID` int(11) NOT NULL DEFAULT '0',
  `ObjectID` int(11) NOT NULL DEFAULT '0',
  `ObjectClass` enum('StereoClub\\Drinks\\Drink','SilverStripe\\Assets\\File','SilverStripe\\SiteConfig\\SiteConfig','SilverStripe\\Versioned\\ChangeSet','SilverStripe\\Versioned\\ChangeSetItem','SilverStripe\\Assets\\Shortcodes\\FileLink','SilverStripe\\CMS\\Model\\SiteTree','SilverStripe\\CMS\\Model\\SiteTreeLink','SilverStripe\\Security\\Group','SilverStripe\\Security\\LoginAttempt','SilverStripe\\Security\\Member','SilverStripe\\Security\\MemberPassword','SilverStripe\\Security\\Permission','SilverStripe\\Security\\PermissionRole','SilverStripe\\Security\\PermissionRoleCode','SilverStripe\\Security\\RememberLoginHash','SilverStripe\\Assets\\Folder','SilverStripe\\Assets\\Image','Page','StereoClub\\Drinks\\DrinksPage','SilverStripe\\ErrorPage\\ErrorPage','SilverStripe\\CMS\\Model\\RedirectorPage','SilverStripe\\CMS\\Model\\VirtualPage') DEFAULT 'StereoClub\\Drinks\\Drink'
) ENGINE=InnoDB DEFAULT CHARSET=utf8;

--
-- Dumping data for table `ChangeSetItem`
--

INSERT INTO `ChangeSetItem` (`ID`, `ClassName`, `LastEdited`, `Created`, `VersionBefore`, `VersionAfter`, `Added`, `ChangeSetID`, `ObjectID`, `ObjectClass`) VALUES
(1, 'SilverStripe\\Versioned\\ChangeSetItem', '2020-07-24 12:39:58', '2020-07-24 12:39:58', 2, 4, 'explicitly', 1, 1, 'SilverStripe\\CMS\\Model\\SiteTree'),
(2, 'SilverStripe\\Versioned\\ChangeSetItem', '2020-07-24 12:41:02', '2020-07-24 12:41:02', 4, 6, 'explicitly', 2, 1, 'SilverStripe\\CMS\\Model\\SiteTree'),
(3, 'SilverStripe\\Versioned\\ChangeSetItem', '2020-07-24 12:42:23', '2020-07-24 12:42:23', 0, 0, 'explicitly', 3, 1, 'SilverStripe\\SiteConfig\\SiteConfig'),
(4, 'SilverStripe\\Versioned\\ChangeSetItem', '2020-07-24 13:26:07', '2020-07-24 13:26:07', 0, 2, 'explicitly', 4, 1, 'StereoClub\\Drinks\\Drink'),
(5, 'SilverStripe\\Versioned\\ChangeSetItem', '2020-07-24 13:26:07', '2020-07-24 13:26:07', 0, 2, 'implicitly', 4, 2, 'SilverStripe\\Assets\\File'),
(6, 'SilverStripe\\Versioned\\ChangeSetItem', '2020-07-24 13:27:41', '2020-07-24 13:27:41', 0, 2, 'explicitly', 5, 2, 'StereoClub\\Drinks\\Drink'),
(7, 'SilverStripe\\Versioned\\ChangeSetItem', '2020-07-24 13:27:49', '2020-07-24 13:27:49', 2, 4, 'explicitly', 6, 2, 'StereoClub\\Drinks\\Drink'),
(8, 'SilverStripe\\Versioned\\ChangeSetItem', '2020-07-24 13:27:49', '2020-07-24 13:27:49', 0, 2, 'implicitly', 6, 3, 'SilverStripe\\Assets\\File'),
(9, 'SilverStripe\\Versioned\\ChangeSetItem', '2020-07-24 13:30:26', '2020-07-24 13:30:26', 0, 2, 'explicitly', 7, 3, 'StereoClub\\Drinks\\Drink'),
(10, 'SilverStripe\\Versioned\\ChangeSetItem', '2020-07-24 13:31:08', '2020-07-24 13:31:08', 2, 4, 'explicitly', 8, 3, 'StereoClub\\Drinks\\Drink'),
(11, 'SilverStripe\\Versioned\\ChangeSetItem', '2020-07-24 13:31:08', '2020-07-24 13:31:08', 0, 2, 'implicitly', 8, 4, 'SilverStripe\\Assets\\File'),
(12, 'SilverStripe\\Versioned\\ChangeSetItem', '2020-07-25 12:09:17', '2020-07-25 12:09:17', 0, 2, 'explicitly', 9, 4, 'StereoClub\\Drinks\\Drink'),
(13, 'SilverStripe\\Versioned\\ChangeSetItem', '2020-07-25 12:09:17', '2020-07-25 12:09:17', 0, 2, 'implicitly', 9, 5, 'SilverStripe\\Assets\\File'),
(14, 'SilverStripe\\Versioned\\ChangeSetItem', '2020-07-26 10:42:23', '2020-07-26 10:42:23', 0, 2, 'explicitly', 10, 5, 'StereoClub\\Drinks\\Drink'),
(15, 'SilverStripe\\Versioned\\ChangeSetItem', '2020-07-26 10:42:23', '2020-07-26 10:42:23', 0, 2, 'implicitly', 10, 6, 'SilverStripe\\Assets\\File'),
(16, 'SilverStripe\\Versioned\\ChangeSetItem', '2020-07-26 10:42:58', '2020-07-26 10:42:58', 0, 2, 'explicitly', 11, 6, 'StereoClub\\Drinks\\Drink'),
(17, 'SilverStripe\\Versioned\\ChangeSetItem', '2020-07-26 10:42:58', '2020-07-26 10:42:58', 2, 2, 'implicitly', 11, 5, 'SilverStripe\\Assets\\File'),
(18, 'SilverStripe\\Versioned\\ChangeSetItem', '2020-07-26 10:43:31', '2020-07-26 10:43:31', 0, 2, 'explicitly', 12, 7, 'StereoClub\\Drinks\\Drink'),
(19, 'SilverStripe\\Versioned\\ChangeSetItem', '2020-07-26 10:43:31', '2020-07-26 10:43:31', 2, 2, 'implicitly', 12, 4, 'SilverStripe\\Assets\\File'),
(20, 'SilverStripe\\Versioned\\ChangeSetItem', '2020-07-26 10:43:56', '2020-07-26 10:43:56', 0, 2, 'explicitly', 13, 8, 'StereoClub\\Drinks\\Drink'),
(21, 'SilverStripe\\Versioned\\ChangeSetItem', '2020-07-26 10:44:22', '2020-07-26 10:44:22', 0, 2, 'explicitly', 14, 9, 'StereoClub\\Drinks\\Drink'),
(22, 'SilverStripe\\Versioned\\ChangeSetItem', '2020-07-26 10:44:30', '2020-07-26 10:44:29', 2, 4, 'explicitly', 15, 9, 'StereoClub\\Drinks\\Drink'),
(23, 'SilverStripe\\Versioned\\ChangeSetItem', '2020-07-26 10:44:30', '2020-07-26 10:44:29', 2, 2, 'implicitly', 15, 3, 'SilverStripe\\Assets\\File'),
(24, 'SilverStripe\\Versioned\\ChangeSetItem', '2020-07-26 10:44:45', '2020-07-26 10:44:45', 2, 4, 'explicitly', 16, 8, 'StereoClub\\Drinks\\Drink'),
(25, 'SilverStripe\\Versioned\\ChangeSetItem', '2020-07-26 10:44:45', '2020-07-26 10:44:45', 2, 2, 'implicitly', 16, 2, 'SilverStripe\\Assets\\File'),
(26, 'SilverStripe\\Versioned\\ChangeSetItem', '2020-07-26 11:24:13', '2020-07-26 11:24:13', 0, 0, 'explicitly', 17, 1, 'SilverStripe\\SiteConfig\\SiteConfig'),
(29, 'SilverStripe\\Versioned\\ChangeSetItem', '2020-07-26 17:55:56', '2020-07-26 17:55:56', 2, 4, 'explicitly', 20, 1, 'StereoClub\\Drinks\\Drink'),
(30, 'SilverStripe\\Versioned\\ChangeSetItem', '2020-07-26 17:55:56', '2020-07-26 17:55:56', 2, 2, 'implicitly', 20, 2, 'SilverStripe\\Assets\\File'),
(31, 'SilverStripe\\Versioned\\ChangeSetItem', '2020-07-26 18:05:29', '2020-07-26 18:05:29', 4, 6, 'explicitly', 21, 1, 'StereoClub\\Drinks\\Drink'),
(32, 'SilverStripe\\Versioned\\ChangeSetItem', '2020-07-26 18:05:29', '2020-07-26 18:05:29', 2, 2, 'implicitly', 21, 2, 'SilverStripe\\Assets\\File'),
(33, 'SilverStripe\\Versioned\\ChangeSetItem', '2020-07-26 18:35:51', '2020-07-26 18:35:51', 4, 6, 'explicitly', 22, 2, 'StereoClub\\Drinks\\Drink'),
(34, 'SilverStripe\\Versioned\\ChangeSetItem', '2020-07-26 18:35:51', '2020-07-26 18:35:51', 2, 2, 'implicitly', 22, 3, 'SilverStripe\\Assets\\File'),
(35, 'SilverStripe\\Versioned\\ChangeSetItem', '2020-07-26 18:36:04', '2020-07-26 18:36:04', 4, 6, 'explicitly', 23, 3, 'StereoClub\\Drinks\\Drink'),
(36, 'SilverStripe\\Versioned\\ChangeSetItem', '2020-07-26 18:36:05', '2020-07-26 18:36:04', 2, 2, 'implicitly', 23, 4, 'SilverStripe\\Assets\\File'),
(37, 'SilverStripe\\Versioned\\ChangeSetItem', '2020-07-26 18:36:21', '2020-07-26 18:36:21', 2, 4, 'explicitly', 24, 6, 'StereoClub\\Drinks\\Drink'),
(38, 'SilverStripe\\Versioned\\ChangeSetItem', '2020-07-26 18:36:21', '2020-07-26 18:36:21', 2, 2, 'implicitly', 24, 5, 'SilverStripe\\Assets\\File'),
(39, 'SilverStripe\\Versioned\\ChangeSetItem', '2020-07-27 19:35:48', '2020-07-27 19:35:48', 0, 2, 'explicitly', 25, 19, 'StereoClub\\Drinks\\Drink'),
(40, 'SilverStripe\\Versioned\\ChangeSetItem', '2020-07-27 19:35:48', '2020-07-27 19:35:48', 2, 2, 'implicitly', 25, 6, 'SilverStripe\\Assets\\File'),
(41, 'SilverStripe\\Versioned\\ChangeSetItem', '2020-07-27 19:36:31', '2020-07-27 19:36:31', 0, 2, 'explicitly', 26, 20, 'StereoClub\\Drinks\\Drink'),
(42, 'SilverStripe\\Versioned\\ChangeSetItem', '2020-07-27 19:36:31', '2020-07-27 19:36:31', 2, 2, 'implicitly', 26, 4, 'SilverStripe\\Assets\\File'),
(43, 'SilverStripe\\Versioned\\ChangeSetItem', '2020-07-27 19:37:02', '2020-07-27 19:37:02', 0, 2, 'explicitly', 27, 21, 'StereoClub\\Drinks\\Drink'),
(44, 'SilverStripe\\Versioned\\ChangeSetItem', '2020-07-27 19:37:31', '2020-07-27 19:37:31', 2, 4, 'explicitly', 28, 21, 'StereoClub\\Drinks\\Drink'),
(45, 'SilverStripe\\Versioned\\ChangeSetItem', '2020-07-27 19:37:31', '2020-07-27 19:37:31', 2, 2, 'implicitly', 28, 3, 'SilverStripe\\Assets\\File');

-- --------------------------------------------------------

--
-- Table structure for table `ChangeSetItem_ReferencedBy`
--

CREATE TABLE `ChangeSetItem_ReferencedBy` (
  `ID` int(11) NOT NULL,
  `ChangeSetItemID` int(11) NOT NULL DEFAULT '0',
  `ChildID` int(11) NOT NULL DEFAULT '0'
) ENGINE=InnoDB DEFAULT CHARSET=utf8;

--
-- Dumping data for table `ChangeSetItem_ReferencedBy`
--

INSERT INTO `ChangeSetItem_ReferencedBy` (`ID`, `ChangeSetItemID`, `ChildID`) VALUES
(1, 5, 4),
(2, 8, 7),
(3, 11, 10),
(4, 13, 12),
(5, 15, 14),
(6, 17, 16),
(7, 19, 18),
(8, 23, 22),
(9, 25, 24),
(10, 30, 29),
(11, 32, 31),
(12, 34, 33),
(13, 36, 35),
(14, 38, 37),
(15, 40, 39),
(16, 42, 41),
(17, 45, 44);

-- --------------------------------------------------------

--
-- Table structure for table `ErrorPage`
--

CREATE TABLE `ErrorPage` (
  `ID` int(11) NOT NULL,
  `ErrorCode` int(11) NOT NULL DEFAULT '0'
) ENGINE=InnoDB DEFAULT CHARSET=utf8;

--
-- Dumping data for table `ErrorPage`
--

INSERT INTO `ErrorPage` (`ID`, `ErrorCode`) VALUES
(4, 404),
(5, 500);

-- --------------------------------------------------------

--
-- Table structure for table `ErrorPage_Live`
--

CREATE TABLE `ErrorPage_Live` (
  `ID` int(11) NOT NULL,
  `ErrorCode` int(11) NOT NULL DEFAULT '0'
) ENGINE=InnoDB DEFAULT CHARSET=utf8;

--
-- Dumping data for table `ErrorPage_Live`
--

INSERT INTO `ErrorPage_Live` (`ID`, `ErrorCode`) VALUES
(4, 404),
(5, 500);

-- --------------------------------------------------------

--
-- Table structure for table `ErrorPage_Versions`
--

CREATE TABLE `ErrorPage_Versions` (
  `ID` int(11) NOT NULL,
  `RecordID` int(11) NOT NULL DEFAULT '0',
  `Version` int(11) NOT NULL DEFAULT '0',
  `ErrorCode` int(11) NOT NULL DEFAULT '0'
) ENGINE=InnoDB DEFAULT CHARSET=utf8;

--
-- Dumping data for table `ErrorPage_Versions`
--

INSERT INTO `ErrorPage_Versions` (`ID`, `RecordID`, `Version`, `ErrorCode`) VALUES
(1, 4, 1, 404),
(2, 4, 2, 404),
(3, 5, 1, 500),
(4, 5, 2, 500);

-- --------------------------------------------------------

--
-- Table structure for table `File`
--

CREATE TABLE `File` (
  `ID` int(11) NOT NULL,
  `ClassName` enum('SilverStripe\\Assets\\File','SilverStripe\\Assets\\Folder','SilverStripe\\Assets\\Image') DEFAULT 'SilverStripe\\Assets\\File',
  `LastEdited` datetime DEFAULT NULL,
  `Created` datetime DEFAULT NULL,
  `Version` int(11) NOT NULL DEFAULT '0',
  `CanViewType` enum('Anyone','LoggedInUsers','OnlyTheseUsers','Inherit') DEFAULT 'Inherit',
  `CanEditType` enum('LoggedInUsers','OnlyTheseUsers','Inherit') DEFAULT 'Inherit',
  `Name` varchar(255) DEFAULT NULL,
  `Title` varchar(255) DEFAULT NULL,
  `ShowInSearch` tinyint(1) UNSIGNED NOT NULL DEFAULT '1',
  `ParentID` int(11) NOT NULL DEFAULT '0',
  `OwnerID` int(11) NOT NULL DEFAULT '0',
  `FileHash` varchar(255) DEFAULT NULL,
  `FileFilename` varchar(255) DEFAULT NULL,
  `FileVariant` varchar(255) DEFAULT NULL
) ENGINE=InnoDB DEFAULT CHARSET=utf8;

--
-- Dumping data for table `File`
--

INSERT INTO `File` (`ID`, `ClassName`, `LastEdited`, `Created`, `Version`, `CanViewType`, `CanEditType`, `Name`, `Title`, `ShowInSearch`, `ParentID`, `OwnerID`, `FileHash`, `FileFilename`, `FileVariant`) VALUES
(1, 'SilverStripe\\Assets\\Folder', '2020-07-24 13:24:02', '2020-07-24 13:24:02', 2, 'Inherit', 'Inherit', 'drink-photos', 'drink-photos', 1, 0, 1, NULL, NULL, NULL),
(2, 'SilverStripe\\Assets\\Image', '2020-07-24 13:26:07', '2020-07-24 13:25:13', 2, 'Inherit', 'Inherit', 'product-1-v2.jpg', 'product 1 v2', 1, 1, 1, '98c052f3146af5e9b7c6aaf84fc33a45f59a31a2', 'drink-photos/product-1-v2.jpg', NULL),
(3, 'SilverStripe\\Assets\\Image', '2020-07-24 13:27:49', '2020-07-24 13:25:13', 2, 'Inherit', 'Inherit', 'product-2.jpg', 'product 2', 1, 1, 1, '4370d6892e5f8c61d77020ce9f1fef8cbed6f3f2', 'drink-photos/product-2.jpg', NULL),
(4, 'SilverStripe\\Assets\\Image', '2020-07-24 13:31:08', '2020-07-24 13:25:14', 2, 'Inherit', 'Inherit', 'product-3-v2.jpg', 'product 3 v2', 1, 1, 1, '06d3b081c487ee30aa623f719f8d1a42d29c8aa6', 'drink-photos/product-3-v2.jpg', NULL),
(5, 'SilverStripe\\Assets\\Image', '2020-07-25 12:09:17', '2020-07-24 13:25:14', 2, 'Inherit', 'Inherit', 'product-4-v2.jpg', 'product 4 v2', 1, 1, 1, '1e1f2af1682213d643eba2163d9ad5c2b98a34cb', 'drink-photos/product-4-v2.jpg', NULL),
(6, 'SilverStripe\\Assets\\Image', '2020-07-26 10:42:23', '2020-07-24 13:25:14', 2, 'Inherit', 'Inherit', 'product-5-v2.jpg', 'product 5 v2', 1, 1, 1, '5472aad4a94c4b171ccb5b16fe7b096b67e17ecf', 'drink-photos/product-5-v2.jpg', NULL);

-- --------------------------------------------------------

--
-- Table structure for table `FileLink`
--

CREATE TABLE `FileLink` (
  `ID` int(11) NOT NULL,
  `ClassName` enum('SilverStripe\\Assets\\Shortcodes\\FileLink') DEFAULT 'SilverStripe\\Assets\\Shortcodes\\FileLink',
  `LastEdited` datetime DEFAULT NULL,
  `Created` datetime DEFAULT NULL,
  `LinkedID` int(11) NOT NULL DEFAULT '0',
  `ParentID` int(11) NOT NULL DEFAULT '0',
  `ParentClass` enum('StereoClub\\Drinks\\Drink','SilverStripe\\Assets\\File','SilverStripe\\SiteConfig\\SiteConfig','SilverStripe\\Versioned\\ChangeSet','SilverStripe\\Versioned\\ChangeSetItem','SilverStripe\\Assets\\Shortcodes\\FileLink','SilverStripe\\CMS\\Model\\SiteTree','SilverStripe\\CMS\\Model\\SiteTreeLink','SilverStripe\\Security\\Group','SilverStripe\\Security\\LoginAttempt','SilverStripe\\Security\\Member','SilverStripe\\Security\\MemberPassword','SilverStripe\\Security\\Permission','SilverStripe\\Security\\PermissionRole','SilverStripe\\Security\\PermissionRoleCode','SilverStripe\\Security\\RememberLoginHash','SilverStripe\\Assets\\Folder','SilverStripe\\Assets\\Image','Page','StereoClub\\Drinks\\DrinksPage','SilverStripe\\ErrorPage\\ErrorPage','SilverStripe\\CMS\\Model\\RedirectorPage','SilverStripe\\CMS\\Model\\VirtualPage') DEFAULT 'StereoClub\\Drinks\\Drink'
) ENGINE=InnoDB DEFAULT CHARSET=utf8;

-- --------------------------------------------------------

--
-- Table structure for table `File_EditorGroups`
--

CREATE TABLE `File_EditorGroups` (
  `ID` int(11) NOT NULL,
  `FileID` int(11) NOT NULL DEFAULT '0',
  `GroupID` int(11) NOT NULL DEFAULT '0'
) ENGINE=InnoDB DEFAULT CHARSET=utf8;

-- --------------------------------------------------------

--
-- Table structure for table `File_Live`
--

CREATE TABLE `File_Live` (
  `ID` int(11) NOT NULL,
  `ClassName` enum('SilverStripe\\Assets\\File','SilverStripe\\Assets\\Folder','SilverStripe\\Assets\\Image') DEFAULT 'SilverStripe\\Assets\\File',
  `LastEdited` datetime DEFAULT NULL,
  `Created` datetime DEFAULT NULL,
  `Version` int(11) NOT NULL DEFAULT '0',
  `CanViewType` enum('Anyone','LoggedInUsers','OnlyTheseUsers','Inherit') DEFAULT 'Inherit',
  `CanEditType` enum('LoggedInUsers','OnlyTheseUsers','Inherit') DEFAULT 'Inherit',
  `Name` varchar(255) DEFAULT NULL,
  `Title` varchar(255) DEFAULT NULL,
  `ShowInSearch` tinyint(1) UNSIGNED NOT NULL DEFAULT '1',
  `ParentID` int(11) NOT NULL DEFAULT '0',
  `OwnerID` int(11) NOT NULL DEFAULT '0',
  `FileHash` varchar(255) DEFAULT NULL,
  `FileFilename` varchar(255) DEFAULT NULL,
  `FileVariant` varchar(255) DEFAULT NULL
) ENGINE=InnoDB DEFAULT CHARSET=utf8;

--
-- Dumping data for table `File_Live`
--

INSERT INTO `File_Live` (`ID`, `ClassName`, `LastEdited`, `Created`, `Version`, `CanViewType`, `CanEditType`, `Name`, `Title`, `ShowInSearch`, `ParentID`, `OwnerID`, `FileHash`, `FileFilename`, `FileVariant`) VALUES
(1, 'SilverStripe\\Assets\\Folder', '2020-07-24 13:24:02', '2020-07-24 13:24:02', 2, 'Inherit', 'Inherit', 'drink-photos', 'drink-photos', 1, 0, 1, NULL, NULL, NULL),
(2, 'SilverStripe\\Assets\\Image', '2020-07-24 13:26:07', '2020-07-24 13:25:13', 2, 'Inherit', 'Inherit', 'product-1-v2.jpg', 'product 1 v2', 1, 1, 1, '98c052f3146af5e9b7c6aaf84fc33a45f59a31a2', 'drink-photos/product-1-v2.jpg', NULL),
(3, 'SilverStripe\\Assets\\Image', '2020-07-24 13:27:49', '2020-07-24 13:25:13', 2, 'Inherit', 'Inherit', 'product-2.jpg', 'product 2', 1, 1, 1, '4370d6892e5f8c61d77020ce9f1fef8cbed6f3f2', 'drink-photos/product-2.jpg', NULL),
(4, 'SilverStripe\\Assets\\Image', '2020-07-24 13:31:08', '2020-07-24 13:25:14', 2, 'Inherit', 'Inherit', 'product-3-v2.jpg', 'product 3 v2', 1, 1, 1, '06d3b081c487ee30aa623f719f8d1a42d29c8aa6', 'drink-photos/product-3-v2.jpg', NULL),
(5, 'SilverStripe\\Assets\\Image', '2020-07-25 12:09:17', '2020-07-24 13:25:14', 2, 'Inherit', 'Inherit', 'product-4-v2.jpg', 'product 4 v2', 1, 1, 1, '1e1f2af1682213d643eba2163d9ad5c2b98a34cb', 'drink-photos/product-4-v2.jpg', NULL),
(6, 'SilverStripe\\Assets\\Image', '2020-07-26 10:42:23', '2020-07-24 13:25:14', 2, 'Inherit', 'Inherit', 'product-5-v2.jpg', 'product 5 v2', 1, 1, 1, '5472aad4a94c4b171ccb5b16fe7b096b67e17ecf', 'drink-photos/product-5-v2.jpg', NULL);

-- --------------------------------------------------------

--
-- Table structure for table `File_Versions`
--

CREATE TABLE `File_Versions` (
  `ID` int(11) NOT NULL,
  `RecordID` int(11) NOT NULL DEFAULT '0',
  `Version` int(11) NOT NULL DEFAULT '0',
  `WasPublished` tinyint(1) UNSIGNED NOT NULL DEFAULT '0',
  `WasDeleted` tinyint(1) UNSIGNED NOT NULL DEFAULT '0',
  `WasDraft` tinyint(1) UNSIGNED NOT NULL DEFAULT '1',
  `AuthorID` int(11) NOT NULL DEFAULT '0',
  `PublisherID` int(11) NOT NULL DEFAULT '0',
  `ClassName` enum('SilverStripe\\Assets\\File','SilverStripe\\Assets\\Folder','SilverStripe\\Assets\\Image') DEFAULT 'SilverStripe\\Assets\\File',
  `LastEdited` datetime DEFAULT NULL,
  `Created` datetime DEFAULT NULL,
  `CanViewType` enum('Anyone','LoggedInUsers','OnlyTheseUsers','Inherit') DEFAULT 'Inherit',
  `CanEditType` enum('LoggedInUsers','OnlyTheseUsers','Inherit') DEFAULT 'Inherit',
  `Name` varchar(255) DEFAULT NULL,
  `Title` varchar(255) DEFAULT NULL,
  `ShowInSearch` tinyint(1) UNSIGNED NOT NULL DEFAULT '1',
  `ParentID` int(11) NOT NULL DEFAULT '0',
  `OwnerID` int(11) NOT NULL DEFAULT '0',
  `FileHash` varchar(255) DEFAULT NULL,
  `FileFilename` varchar(255) DEFAULT NULL,
  `FileVariant` varchar(255) DEFAULT NULL
) ENGINE=InnoDB DEFAULT CHARSET=utf8;

--
-- Dumping data for table `File_Versions`
--

INSERT INTO `File_Versions` (`ID`, `RecordID`, `Version`, `WasPublished`, `WasDeleted`, `WasDraft`, `AuthorID`, `PublisherID`, `ClassName`, `LastEdited`, `Created`, `CanViewType`, `CanEditType`, `Name`, `Title`, `ShowInSearch`, `ParentID`, `OwnerID`, `FileHash`, `FileFilename`, `FileVariant`) VALUES
(1, 1, 1, 0, 0, 1, 1, 0, 'SilverStripe\\Assets\\Folder', '2020-07-24 13:24:02', '2020-07-24 13:24:02', 'Inherit', 'Inherit', 'drink-photos', 'drink-photos', 1, 0, 1, NULL, NULL, NULL),
(2, 1, 2, 1, 0, 1, 1, 1, 'SilverStripe\\Assets\\Folder', '2020-07-24 13:24:02', '2020-07-24 13:24:02', 'Inherit', 'Inherit', 'drink-photos', 'drink-photos', 1, 0, 1, NULL, NULL, NULL),
(3, 2, 1, 0, 0, 1, 1, 0, 'SilverStripe\\Assets\\Image', '2020-07-24 13:25:13', '2020-07-24 13:25:13', 'Inherit', 'Inherit', 'product-1-v2.jpg', 'product 1 v2', 1, 1, 1, '98c052f3146af5e9b7c6aaf84fc33a45f59a31a2', 'drink-photos/product-1-v2.jpg', NULL),
(4, 3, 1, 0, 0, 1, 1, 0, 'SilverStripe\\Assets\\Image', '2020-07-24 13:25:13', '2020-07-24 13:25:13', 'Inherit', 'Inherit', 'product-2.jpg', 'product 2', 1, 1, 1, '4370d6892e5f8c61d77020ce9f1fef8cbed6f3f2', 'drink-photos/product-2.jpg', NULL),
(5, 4, 1, 0, 0, 1, 1, 0, 'SilverStripe\\Assets\\Image', '2020-07-24 13:25:14', '2020-07-24 13:25:14', 'Inherit', 'Inherit', 'product-3-v2.jpg', 'product 3 v2', 1, 1, 1, '06d3b081c487ee30aa623f719f8d1a42d29c8aa6', 'drink-photos/product-3-v2.jpg', NULL),
(6, 5, 1, 0, 0, 1, 1, 0, 'SilverStripe\\Assets\\Image', '2020-07-24 13:25:14', '2020-07-24 13:25:14', 'Inherit', 'Inherit', 'product-4-v2.jpg', 'product 4 v2', 1, 1, 1, '1e1f2af1682213d643eba2163d9ad5c2b98a34cb', 'drink-photos/product-4-v2.jpg', NULL),
(7, 6, 1, 0, 0, 1, 1, 0, 'SilverStripe\\Assets\\Image', '2020-07-24 13:25:14', '2020-07-24 13:25:14', 'Inherit', 'Inherit', 'product-5-v2.jpg', 'product 5 v2', 1, 1, 1, '5472aad4a94c4b171ccb5b16fe7b096b67e17ecf', 'drink-photos/product-5-v2.jpg', NULL),
(8, 2, 2, 1, 0, 1, 1, 1, 'SilverStripe\\Assets\\Image', '2020-07-24 13:26:07', '2020-07-24 13:25:13', 'Inherit', 'Inherit', 'product-1-v2.jpg', 'product 1 v2', 1, 1, 1, '98c052f3146af5e9b7c6aaf84fc33a45f59a31a2', 'drink-photos/product-1-v2.jpg', NULL),
(9, 3, 2, 1, 0, 1, 1, 1, 'SilverStripe\\Assets\\Image', '2020-07-24 13:27:49', '2020-07-24 13:25:13', 'Inherit', 'Inherit', 'product-2.jpg', 'product 2', 1, 1, 1, '4370d6892e5f8c61d77020ce9f1fef8cbed6f3f2', 'drink-photos/product-2.jpg', NULL),
(10, 4, 2, 1, 0, 1, 1, 1, 'SilverStripe\\Assets\\Image', '2020-07-24 13:31:08', '2020-07-24 13:25:14', 'Inherit', 'Inherit', 'product-3-v2.jpg', 'product 3 v2', 1, 1, 1, '06d3b081c487ee30aa623f719f8d1a42d29c8aa6', 'drink-photos/product-3-v2.jpg', NULL),
(11, 5, 2, 1, 0, 1, 1, 1, 'SilverStripe\\Assets\\Image', '2020-07-25 12:09:17', '2020-07-24 13:25:14', 'Inherit', 'Inherit', 'product-4-v2.jpg', 'product 4 v2', 1, 1, 1, '1e1f2af1682213d643eba2163d9ad5c2b98a34cb', 'drink-photos/product-4-v2.jpg', NULL),
(12, 6, 2, 1, 0, 1, 1, 1, 'SilverStripe\\Assets\\Image', '2020-07-26 10:42:23', '2020-07-24 13:25:14', 'Inherit', 'Inherit', 'product-5-v2.jpg', 'product 5 v2', 1, 1, 1, '5472aad4a94c4b171ccb5b16fe7b096b67e17ecf', 'drink-photos/product-5-v2.jpg', NULL);

-- --------------------------------------------------------

--
-- Table structure for table `File_ViewerGroups`
--

CREATE TABLE `File_ViewerGroups` (
  `ID` int(11) NOT NULL,
  `FileID` int(11) NOT NULL DEFAULT '0',
  `GroupID` int(11) NOT NULL DEFAULT '0'
) ENGINE=InnoDB DEFAULT CHARSET=utf8;

-- --------------------------------------------------------

--
-- Table structure for table `Group`
--

CREATE TABLE `Group` (
  `ID` int(11) NOT NULL,
  `ClassName` enum('SilverStripe\\Security\\Group') DEFAULT 'SilverStripe\\Security\\Group',
  `LastEdited` datetime DEFAULT NULL,
  `Created` datetime DEFAULT NULL,
  `Title` varchar(255) DEFAULT NULL,
  `Description` mediumtext,
  `Code` varchar(255) DEFAULT NULL,
  `Locked` tinyint(1) UNSIGNED NOT NULL DEFAULT '0',
  `Sort` int(11) NOT NULL DEFAULT '0',
  `HtmlEditorConfig` mediumtext,
  `ParentID` int(11) NOT NULL DEFAULT '0'
) ENGINE=InnoDB DEFAULT CHARSET=utf8;

--
-- Dumping data for table `Group`
--

INSERT INTO `Group` (`ID`, `ClassName`, `LastEdited`, `Created`, `Title`, `Description`, `Code`, `Locked`, `Sort`, `HtmlEditorConfig`, `ParentID`) VALUES
(1, 'SilverStripe\\Security\\Group', '2020-07-24 12:06:46', '2020-07-24 12:06:46', 'Content Authors', NULL, 'content-authors', 0, 1, NULL, 0),
(2, 'SilverStripe\\Security\\Group', '2020-07-24 12:06:46', '2020-07-24 12:06:46', 'Administrators', NULL, 'administrators', 0, 0, NULL, 0);

-- --------------------------------------------------------

--
-- Table structure for table `Group_Members`
--

CREATE TABLE `Group_Members` (
  `ID` int(11) NOT NULL,
  `GroupID` int(11) NOT NULL DEFAULT '0',
  `MemberID` int(11) NOT NULL DEFAULT '0'
) ENGINE=InnoDB DEFAULT CHARSET=utf8;

--
-- Dumping data for table `Group_Members`
--

INSERT INTO `Group_Members` (`ID`, `GroupID`, `MemberID`) VALUES
(1, 2, 1);

-- --------------------------------------------------------

--
-- Table structure for table `Group_Roles`
--

CREATE TABLE `Group_Roles` (
  `ID` int(11) NOT NULL,
  `GroupID` int(11) NOT NULL DEFAULT '0',
  `PermissionRoleID` int(11) NOT NULL DEFAULT '0'
) ENGINE=InnoDB DEFAULT CHARSET=utf8;

-- --------------------------------------------------------

--
-- Table structure for table `LoginAttempt`
--

CREATE TABLE `LoginAttempt` (
  `ID` int(11) NOT NULL,
  `ClassName` enum('SilverStripe\\Security\\LoginAttempt') DEFAULT 'SilverStripe\\Security\\LoginAttempt',
  `LastEdited` datetime DEFAULT NULL,
  `Created` datetime DEFAULT NULL,
  `Email` varchar(255) DEFAULT NULL,
  `EmailHashed` varchar(255) DEFAULT NULL,
  `Status` enum('Success','Failure') DEFAULT 'Success',
  `IP` varchar(255) DEFAULT NULL,
  `MemberID` int(11) NOT NULL DEFAULT '0'
) ENGINE=InnoDB DEFAULT CHARSET=utf8;

--
-- Dumping data for table `LoginAttempt`
--

INSERT INTO `LoginAttempt` (`ID`, `ClassName`, `LastEdited`, `Created`, `Email`, `EmailHashed`, `Status`, `IP`, `MemberID`) VALUES
(1, 'SilverStripe\\Security\\LoginAttempt', '2020-07-24 12:09:43', '2020-07-24 12:09:43', NULL, 'dc76e9f0c0006e8f919e0c515c66dbba3982f785', 'Success', '::1', 1),
(2, 'SilverStripe\\Security\\LoginAttempt', '2020-07-24 12:39:35', '2020-07-24 12:39:35', NULL, 'da39a3ee5e6b4b0d3255bfef95601890afd80709', 'Success', '::1', 1),
(3, 'SilverStripe\\Security\\LoginAttempt', '2020-07-27 18:03:25', '2020-07-27 18:03:25', NULL, 'dc76e9f0c0006e8f919e0c515c66dbba3982f785', 'Success', '::1', 1),
(4, 'SilverStripe\\Security\\LoginAttempt', '2020-07-27 18:34:26', '2020-07-27 18:34:26', NULL, 'dc76e9f0c0006e8f919e0c515c66dbba3982f785', 'Success', '::1', 1);

-- --------------------------------------------------------

--
-- Table structure for table `Member`
--

CREATE TABLE `Member` (
  `ID` int(11) NOT NULL,
  `ClassName` enum('SilverStripe\\Security\\Member') DEFAULT 'SilverStripe\\Security\\Member',
  `LastEdited` datetime DEFAULT NULL,
  `Created` datetime DEFAULT NULL,
  `FirstName` varchar(255) DEFAULT NULL,
  `Surname` varchar(255) DEFAULT NULL,
  `Email` varchar(254) DEFAULT NULL,
  `TempIDHash` varchar(160) DEFAULT NULL,
  `TempIDExpired` datetime DEFAULT NULL,
  `Password` varchar(160) DEFAULT NULL,
  `AutoLoginHash` varchar(160) DEFAULT NULL,
  `AutoLoginExpired` datetime DEFAULT NULL,
  `PasswordEncryption` varchar(50) DEFAULT NULL,
  `Salt` varchar(50) DEFAULT NULL,
  `PasswordExpiry` date DEFAULT NULL,
  `LockedOutUntil` datetime DEFAULT NULL,
  `Locale` varchar(6) DEFAULT NULL,
  `FailedLoginCount` int(11) NOT NULL DEFAULT '0'
) ENGINE=InnoDB DEFAULT CHARSET=utf8;

--
-- Dumping data for table `Member`
--

INSERT INTO `Member` (`ID`, `ClassName`, `LastEdited`, `Created`, `FirstName`, `Surname`, `Email`, `TempIDHash`, `TempIDExpired`, `Password`, `AutoLoginHash`, `AutoLoginExpired`, `PasswordEncryption`, `Salt`, `PasswordExpiry`, `LockedOutUntil`, `Locale`, `FailedLoginCount`) VALUES
(1, 'SilverStripe\\Security\\Member', '2020-07-27 18:34:26', '2020-07-24 12:06:46', 'Default Admin', NULL, 'root', '5f1008f8b586deeff06c4e4195968e2434bc2a46', '2020-07-30 18:34:26', NULL, NULL, NULL, 'none', NULL, NULL, NULL, 'en_US', 0);

-- --------------------------------------------------------

--
-- Table structure for table `MemberPassword`
--

CREATE TABLE `MemberPassword` (
  `ID` int(11) NOT NULL,
  `ClassName` enum('SilverStripe\\Security\\MemberPassword') DEFAULT 'SilverStripe\\Security\\MemberPassword',
  `LastEdited` datetime DEFAULT NULL,
  `Created` datetime DEFAULT NULL,
  `Password` varchar(160) DEFAULT NULL,
  `Salt` varchar(50) DEFAULT NULL,
  `PasswordEncryption` varchar(50) DEFAULT NULL,
  `MemberID` int(11) NOT NULL DEFAULT '0'
) ENGINE=InnoDB DEFAULT CHARSET=utf8;

--
-- Dumping data for table `MemberPassword`
--

INSERT INTO `MemberPassword` (`ID`, `ClassName`, `LastEdited`, `Created`, `Password`, `Salt`, `PasswordEncryption`, `MemberID`) VALUES
(1, 'SilverStripe\\Security\\MemberPassword', '2020-07-24 12:06:46', '2020-07-24 12:06:46', NULL, NULL, 'none', 1);

-- --------------------------------------------------------

--
-- Table structure for table `Permission`
--

CREATE TABLE `Permission` (
  `ID` int(11) NOT NULL,
  `ClassName` enum('SilverStripe\\Security\\Permission') DEFAULT 'SilverStripe\\Security\\Permission',
  `LastEdited` datetime DEFAULT NULL,
  `Created` datetime DEFAULT NULL,
  `Code` varchar(255) DEFAULT NULL,
  `Arg` int(11) NOT NULL DEFAULT '0',
  `Type` int(11) NOT NULL DEFAULT '1',
  `GroupID` int(11) NOT NULL DEFAULT '0'
) ENGINE=InnoDB DEFAULT CHARSET=utf8;

--
-- Dumping data for table `Permission`
--

INSERT INTO `Permission` (`ID`, `ClassName`, `LastEdited`, `Created`, `Code`, `Arg`, `Type`, `GroupID`) VALUES
(1, 'SilverStripe\\Security\\Permission', '2020-07-24 12:06:46', '2020-07-24 12:06:46', 'CMS_ACCESS_CMSMain', 0, 1, 1),
(2, 'SilverStripe\\Security\\Permission', '2020-07-24 12:06:46', '2020-07-24 12:06:46', 'CMS_ACCESS_AssetAdmin', 0, 1, 1),
(3, 'SilverStripe\\Security\\Permission', '2020-07-24 12:06:46', '2020-07-24 12:06:46', 'CMS_ACCESS_ReportAdmin', 0, 1, 1),
(4, 'SilverStripe\\Security\\Permission', '2020-07-24 12:06:46', '2020-07-24 12:06:46', 'SITETREE_REORGANISE', 0, 1, 1),
(5, 'SilverStripe\\Security\\Permission', '2020-07-24 12:06:46', '2020-07-24 12:06:46', 'ADMIN', 0, 1, 2);

-- --------------------------------------------------------

--
-- Table structure for table `PermissionRole`
--

CREATE TABLE `PermissionRole` (
  `ID` int(11) NOT NULL,
  `ClassName` enum('SilverStripe\\Security\\PermissionRole') DEFAULT 'SilverStripe\\Security\\PermissionRole',
  `LastEdited` datetime DEFAULT NULL,
  `Created` datetime DEFAULT NULL,
  `Title` varchar(255) DEFAULT NULL,
  `OnlyAdminCanApply` tinyint(1) UNSIGNED NOT NULL DEFAULT '0'
) ENGINE=InnoDB DEFAULT CHARSET=utf8;

-- --------------------------------------------------------

--
-- Table structure for table `PermissionRoleCode`
--

CREATE TABLE `PermissionRoleCode` (
  `ID` int(11) NOT NULL,
  `ClassName` enum('SilverStripe\\Security\\PermissionRoleCode') DEFAULT 'SilverStripe\\Security\\PermissionRoleCode',
  `LastEdited` datetime DEFAULT NULL,
  `Created` datetime DEFAULT NULL,
  `Code` varchar(255) DEFAULT NULL,
  `RoleID` int(11) NOT NULL DEFAULT '0'
) ENGINE=InnoDB DEFAULT CHARSET=utf8;

-- --------------------------------------------------------

--
-- Table structure for table `RedirectorPage`
--

CREATE TABLE `RedirectorPage` (
  `ID` int(11) NOT NULL,
  `RedirectionType` enum('Internal','External') DEFAULT 'Internal',
  `ExternalURL` varchar(2083) DEFAULT NULL,
  `LinkToID` int(11) NOT NULL DEFAULT '0'
) ENGINE=InnoDB DEFAULT CHARSET=utf8;

-- --------------------------------------------------------

--
-- Table structure for table `RedirectorPage_Live`
--

CREATE TABLE `RedirectorPage_Live` (
  `ID` int(11) NOT NULL,
  `RedirectionType` enum('Internal','External') DEFAULT 'Internal',
  `ExternalURL` varchar(2083) DEFAULT NULL,
  `LinkToID` int(11) NOT NULL DEFAULT '0'
) ENGINE=InnoDB DEFAULT CHARSET=utf8;

-- --------------------------------------------------------

--
-- Table structure for table `RedirectorPage_Versions`
--

CREATE TABLE `RedirectorPage_Versions` (
  `ID` int(11) NOT NULL,
  `RecordID` int(11) NOT NULL DEFAULT '0',
  `Version` int(11) NOT NULL DEFAULT '0',
  `RedirectionType` enum('Internal','External') DEFAULT 'Internal',
  `ExternalURL` varchar(2083) DEFAULT NULL,
  `LinkToID` int(11) NOT NULL DEFAULT '0'
) ENGINE=InnoDB DEFAULT CHARSET=utf8;

-- --------------------------------------------------------

--
-- Table structure for table `RememberLoginHash`
--

CREATE TABLE `RememberLoginHash` (
  `ID` int(11) NOT NULL,
  `ClassName` enum('SilverStripe\\Security\\RememberLoginHash') DEFAULT 'SilverStripe\\Security\\RememberLoginHash',
  `LastEdited` datetime DEFAULT NULL,
  `Created` datetime DEFAULT NULL,
  `DeviceID` varchar(40) DEFAULT NULL,
  `Hash` varchar(160) DEFAULT NULL,
  `ExpiryDate` datetime DEFAULT NULL,
  `MemberID` int(11) NOT NULL DEFAULT '0'
) ENGINE=InnoDB DEFAULT CHARSET=utf8;

--
-- Dumping data for table `RememberLoginHash`
--

INSERT INTO `RememberLoginHash` (`ID`, `ClassName`, `LastEdited`, `Created`, `DeviceID`, `Hash`, `ExpiryDate`, `MemberID`) VALUES
(2, 'SilverStripe\\Security\\RememberLoginHash', '2020-07-27 18:34:26', '2020-07-27 18:34:26', 'a81eeb052ff0e34a6b9f9c59ed111e74632c49e3', '1e73a302a8a84231d2eca4c228cb0c8c51a444f0', '2020-10-25 18:34:26', 1);

-- --------------------------------------------------------

--
-- Table structure for table `SiteConfig`
--

CREATE TABLE `SiteConfig` (
  `ID` int(11) NOT NULL,
  `ClassName` enum('SilverStripe\\SiteConfig\\SiteConfig') DEFAULT 'SilverStripe\\SiteConfig\\SiteConfig',
  `LastEdited` datetime DEFAULT NULL,
  `Created` datetime DEFAULT NULL,
  `FacebookLink` varchar(255) DEFAULT NULL,
  `TwitterLink` varchar(255) DEFAULT NULL,
  `GoogleLink` varchar(255) DEFAULT NULL,
  `YouTubeLink` varchar(255) DEFAULT NULL,
  `FooterContent` mediumtext,
  `Title` varchar(255) DEFAULT NULL,
  `Tagline` varchar(255) DEFAULT NULL,
  `CanViewType` enum('Anyone','LoggedInUsers','OnlyTheseUsers') DEFAULT 'Anyone',
  `CanEditType` enum('LoggedInUsers','OnlyTheseUsers') DEFAULT 'LoggedInUsers',
  `CanCreateTopLevelType` enum('LoggedInUsers','OnlyTheseUsers') DEFAULT 'LoggedInUsers',
  `Adress` varchar(255) DEFAULT NULL,
  `Phone` varchar(255) DEFAULT NULL,
  `Email` varchar(255) DEFAULT NULL
) ENGINE=InnoDB DEFAULT CHARSET=utf8;

--
-- Dumping data for table `SiteConfig`
--

INSERT INTO `SiteConfig` (`ID`, `ClassName`, `LastEdited`, `Created`, `FacebookLink`, `TwitterLink`, `GoogleLink`, `YouTubeLink`, `FooterContent`, `Title`, `Tagline`, `CanViewType`, `CanEditType`, `CanCreateTopLevelType`, `Adress`, `Phone`, `Email`) VALUES
(1, 'SilverStripe\\SiteConfig\\SiteConfig', '2020-07-26 11:24:13', '2020-07-24 12:06:46', NULL, NULL, NULL, NULL, NULL, 'Stereo Club', 'Where good times and good foods meet!', 'Anyone', 'LoggedInUsers', 'LoggedInUsers', '47 Chandos Pl Charing Cross, London WC2N 4HS', '020 7836 021', 'info@soundoflondon.com');

-- --------------------------------------------------------

--
-- Table structure for table `SiteConfig_CreateTopLevelGroups`
--

CREATE TABLE `SiteConfig_CreateTopLevelGroups` (
  `ID` int(11) NOT NULL,
  `SiteConfigID` int(11) NOT NULL DEFAULT '0',
  `GroupID` int(11) NOT NULL DEFAULT '0'
) ENGINE=InnoDB DEFAULT CHARSET=utf8;

-- --------------------------------------------------------

--
-- Table structure for table `SiteConfig_EditorGroups`
--

CREATE TABLE `SiteConfig_EditorGroups` (
  `ID` int(11) NOT NULL,
  `SiteConfigID` int(11) NOT NULL DEFAULT '0',
  `GroupID` int(11) NOT NULL DEFAULT '0'
) ENGINE=InnoDB DEFAULT CHARSET=utf8;

-- --------------------------------------------------------

--
-- Table structure for table `SiteConfig_ViewerGroups`
--

CREATE TABLE `SiteConfig_ViewerGroups` (
  `ID` int(11) NOT NULL,
  `SiteConfigID` int(11) NOT NULL DEFAULT '0',
  `GroupID` int(11) NOT NULL DEFAULT '0'
) ENGINE=InnoDB DEFAULT CHARSET=utf8;

-- --------------------------------------------------------

--
-- Table structure for table `SiteTree`
--

CREATE TABLE `SiteTree` (
  `ID` int(11) NOT NULL,
  `ClassName` enum('SilverStripe\\CMS\\Model\\SiteTree','Page','StereoClub\\Drinks\\DrinksPage','SilverStripe\\ErrorPage\\ErrorPage','SilverStripe\\CMS\\Model\\RedirectorPage','SilverStripe\\CMS\\Model\\VirtualPage') DEFAULT 'Page',
  `LastEdited` datetime DEFAULT NULL,
  `Created` datetime DEFAULT NULL,
  `CanViewType` enum('Anyone','LoggedInUsers','OnlyTheseUsers','Inherit') DEFAULT 'Inherit',
  `CanEditType` enum('LoggedInUsers','OnlyTheseUsers','Inherit') DEFAULT 'Inherit',
  `Version` int(11) NOT NULL DEFAULT '0',
  `URLSegment` varchar(255) DEFAULT NULL,
  `Title` varchar(255) DEFAULT NULL,
  `MenuTitle` varchar(100) DEFAULT NULL,
  `Content` mediumtext,
  `MetaDescription` mediumtext,
  `ExtraMeta` mediumtext,
  `ShowInMenus` tinyint(1) UNSIGNED NOT NULL DEFAULT '0',
  `ShowInSearch` tinyint(1) UNSIGNED NOT NULL DEFAULT '0',
  `Sort` int(11) NOT NULL DEFAULT '0',
  `HasBrokenFile` tinyint(1) UNSIGNED NOT NULL DEFAULT '0',
  `HasBrokenLink` tinyint(1) UNSIGNED NOT NULL DEFAULT '0',
  `ReportClass` varchar(255) DEFAULT NULL,
  `ParentID` int(11) NOT NULL DEFAULT '0'
) ENGINE=InnoDB DEFAULT CHARSET=utf8;

--
-- Dumping data for table `SiteTree`
--

INSERT INTO `SiteTree` (`ID`, `ClassName`, `LastEdited`, `Created`, `CanViewType`, `CanEditType`, `Version`, `URLSegment`, `Title`, `MenuTitle`, `Content`, `MetaDescription`, `ExtraMeta`, `ShowInMenus`, `ShowInSearch`, `Sort`, `HasBrokenFile`, `HasBrokenLink`, `ReportClass`, `ParentID`) VALUES
(1, 'StereoClub\\Drinks\\DrinksPage', '2020-07-24 12:41:02', '2020-07-24 12:06:46', 'Inherit', 'Inherit', 6, 'home', 'WELCOME TO STEREOCLUB', NULL, '<p><strong>Lorem Ipsum</strong><span>&nbsp;is simply dummy text of the printing and typesetting industry. Lorem Ipsum has been the industry\'s standard dummy text ever since the 1500s, when an unknown printer took a galley of type and scrambled it to make a type specimen book.</span></p>', NULL, NULL, 1, 1, 1, 0, 0, NULL, 0),
(4, 'SilverStripe\\ErrorPage\\ErrorPage', '2020-07-24 12:06:46', '2020-07-24 12:06:46', 'Inherit', 'Inherit', 2, 'page-not-found', 'Page not found', NULL, '<p>Sorry, it seems you were trying to access a page that doesn\'t exist.</p><p>Please check the spelling of the URL you were trying to access and try again.</p>', NULL, NULL, 0, 0, 4, 0, 0, NULL, 0),
(5, 'SilverStripe\\ErrorPage\\ErrorPage', '2020-07-24 12:06:46', '2020-07-24 12:06:46', 'Inherit', 'Inherit', 2, 'server-error', 'Server error', NULL, '<p>Sorry, there was a problem with handling your request.</p>', NULL, NULL, 0, 0, 5, 0, 0, NULL, 0);

-- --------------------------------------------------------

--
-- Table structure for table `SiteTreeLink`
--

CREATE TABLE `SiteTreeLink` (
  `ID` int(11) NOT NULL,
  `ClassName` enum('SilverStripe\\CMS\\Model\\SiteTreeLink') DEFAULT 'SilverStripe\\CMS\\Model\\SiteTreeLink',
  `LastEdited` datetime DEFAULT NULL,
  `Created` datetime DEFAULT NULL,
  `LinkedID` int(11) NOT NULL DEFAULT '0',
  `ParentID` int(11) NOT NULL DEFAULT '0',
  `ParentClass` enum('StereoClub\\Drinks\\Drink','SilverStripe\\Assets\\File','SilverStripe\\SiteConfig\\SiteConfig','SilverStripe\\Versioned\\ChangeSet','SilverStripe\\Versioned\\ChangeSetItem','SilverStripe\\Assets\\Shortcodes\\FileLink','SilverStripe\\CMS\\Model\\SiteTree','SilverStripe\\CMS\\Model\\SiteTreeLink','SilverStripe\\Security\\Group','SilverStripe\\Security\\LoginAttempt','SilverStripe\\Security\\Member','SilverStripe\\Security\\MemberPassword','SilverStripe\\Security\\Permission','SilverStripe\\Security\\PermissionRole','SilverStripe\\Security\\PermissionRoleCode','SilverStripe\\Security\\RememberLoginHash','SilverStripe\\Assets\\Folder','SilverStripe\\Assets\\Image','Page','StereoClub\\Drinks\\DrinksPage','SilverStripe\\ErrorPage\\ErrorPage','SilverStripe\\CMS\\Model\\RedirectorPage','SilverStripe\\CMS\\Model\\VirtualPage') DEFAULT 'StereoClub\\Drinks\\Drink'
) ENGINE=InnoDB DEFAULT CHARSET=utf8;

-- --------------------------------------------------------

--
-- Table structure for table `SiteTree_EditorGroups`
--

CREATE TABLE `SiteTree_EditorGroups` (
  `ID` int(11) NOT NULL,
  `SiteTreeID` int(11) NOT NULL DEFAULT '0',
  `GroupID` int(11) NOT NULL DEFAULT '0'
) ENGINE=InnoDB DEFAULT CHARSET=utf8;

-- --------------------------------------------------------

--
-- Table structure for table `SiteTree_Live`
--

CREATE TABLE `SiteTree_Live` (
  `ID` int(11) NOT NULL,
  `ClassName` enum('SilverStripe\\CMS\\Model\\SiteTree','Page','StereoClub\\Drinks\\DrinksPage','SilverStripe\\ErrorPage\\ErrorPage','SilverStripe\\CMS\\Model\\RedirectorPage','SilverStripe\\CMS\\Model\\VirtualPage') DEFAULT 'Page',
  `LastEdited` datetime DEFAULT NULL,
  `Created` datetime DEFAULT NULL,
  `CanViewType` enum('Anyone','LoggedInUsers','OnlyTheseUsers','Inherit') DEFAULT 'Inherit',
  `CanEditType` enum('LoggedInUsers','OnlyTheseUsers','Inherit') DEFAULT 'Inherit',
  `Version` int(11) NOT NULL DEFAULT '0',
  `URLSegment` varchar(255) DEFAULT NULL,
  `Title` varchar(255) DEFAULT NULL,
  `MenuTitle` varchar(100) DEFAULT NULL,
  `Content` mediumtext,
  `MetaDescription` mediumtext,
  `ExtraMeta` mediumtext,
  `ShowInMenus` tinyint(1) UNSIGNED NOT NULL DEFAULT '0',
  `ShowInSearch` tinyint(1) UNSIGNED NOT NULL DEFAULT '0',
  `Sort` int(11) NOT NULL DEFAULT '0',
  `HasBrokenFile` tinyint(1) UNSIGNED NOT NULL DEFAULT '0',
  `HasBrokenLink` tinyint(1) UNSIGNED NOT NULL DEFAULT '0',
  `ReportClass` varchar(255) DEFAULT NULL,
  `ParentID` int(11) NOT NULL DEFAULT '0'
) ENGINE=InnoDB DEFAULT CHARSET=utf8;

--
-- Dumping data for table `SiteTree_Live`
--

INSERT INTO `SiteTree_Live` (`ID`, `ClassName`, `LastEdited`, `Created`, `CanViewType`, `CanEditType`, `Version`, `URLSegment`, `Title`, `MenuTitle`, `Content`, `MetaDescription`, `ExtraMeta`, `ShowInMenus`, `ShowInSearch`, `Sort`, `HasBrokenFile`, `HasBrokenLink`, `ReportClass`, `ParentID`) VALUES
(1, 'StereoClub\\Drinks\\DrinksPage', '2020-07-24 12:41:02', '2020-07-24 12:06:46', 'Inherit', 'Inherit', 6, 'home', 'WELCOME TO STEREOCLUB', NULL, '<p><strong>Lorem Ipsum</strong><span>&nbsp;is simply dummy text of the printing and typesetting industry. Lorem Ipsum has been the industry\'s standard dummy text ever since the 1500s, when an unknown printer took a galley of type and scrambled it to make a type specimen book.</span></p>', NULL, NULL, 1, 1, 1, 0, 0, NULL, 0),
(4, 'SilverStripe\\ErrorPage\\ErrorPage', '2020-07-24 12:06:46', '2020-07-24 12:06:46', 'Inherit', 'Inherit', 2, 'page-not-found', 'Page not found', NULL, '<p>Sorry, it seems you were trying to access a page that doesn\'t exist.</p><p>Please check the spelling of the URL you were trying to access and try again.</p>', NULL, NULL, 0, 0, 4, 0, 0, NULL, 0),
(5, 'SilverStripe\\ErrorPage\\ErrorPage', '2020-07-24 12:06:46', '2020-07-24 12:06:46', 'Inherit', 'Inherit', 2, 'server-error', 'Server error', NULL, '<p>Sorry, there was a problem with handling your request.</p>', NULL, NULL, 0, 0, 5, 0, 0, NULL, 0);

-- --------------------------------------------------------

--
-- Table structure for table `SiteTree_Versions`
--

CREATE TABLE `SiteTree_Versions` (
  `ID` int(11) NOT NULL,
  `RecordID` int(11) NOT NULL DEFAULT '0',
  `Version` int(11) NOT NULL DEFAULT '0',
  `WasPublished` tinyint(1) UNSIGNED NOT NULL DEFAULT '0',
  `WasDeleted` tinyint(1) UNSIGNED NOT NULL DEFAULT '0',
  `WasDraft` tinyint(1) UNSIGNED NOT NULL DEFAULT '1',
  `AuthorID` int(11) NOT NULL DEFAULT '0',
  `PublisherID` int(11) NOT NULL DEFAULT '0',
  `ClassName` enum('SilverStripe\\CMS\\Model\\SiteTree','Page','StereoClub\\Drinks\\DrinksPage','SilverStripe\\ErrorPage\\ErrorPage','SilverStripe\\CMS\\Model\\RedirectorPage','SilverStripe\\CMS\\Model\\VirtualPage') DEFAULT 'Page',
  `LastEdited` datetime DEFAULT NULL,
  `Created` datetime DEFAULT NULL,
  `CanViewType` enum('Anyone','LoggedInUsers','OnlyTheseUsers','Inherit') DEFAULT 'Inherit',
  `CanEditType` enum('LoggedInUsers','OnlyTheseUsers','Inherit') DEFAULT 'Inherit',
  `URLSegment` varchar(255) DEFAULT NULL,
  `Title` varchar(255) DEFAULT NULL,
  `MenuTitle` varchar(100) DEFAULT NULL,
  `Content` mediumtext,
  `MetaDescription` mediumtext,
  `ExtraMeta` mediumtext,
  `ShowInMenus` tinyint(1) UNSIGNED NOT NULL DEFAULT '0',
  `ShowInSearch` tinyint(1) UNSIGNED NOT NULL DEFAULT '0',
  `Sort` int(11) NOT NULL DEFAULT '0',
  `HasBrokenFile` tinyint(1) UNSIGNED NOT NULL DEFAULT '0',
  `HasBrokenLink` tinyint(1) UNSIGNED NOT NULL DEFAULT '0',
  `ReportClass` varchar(255) DEFAULT NULL,
  `ParentID` int(11) NOT NULL DEFAULT '0'
) ENGINE=InnoDB DEFAULT CHARSET=utf8;

--
-- Dumping data for table `SiteTree_Versions`
--

INSERT INTO `SiteTree_Versions` (`ID`, `RecordID`, `Version`, `WasPublished`, `WasDeleted`, `WasDraft`, `AuthorID`, `PublisherID`, `ClassName`, `LastEdited`, `Created`, `CanViewType`, `CanEditType`, `URLSegment`, `Title`, `MenuTitle`, `Content`, `MetaDescription`, `ExtraMeta`, `ShowInMenus`, `ShowInSearch`, `Sort`, `HasBrokenFile`, `HasBrokenLink`, `ReportClass`, `ParentID`) VALUES
(1, 1, 1, 0, 0, 1, 0, 0, 'Page', '2020-07-24 12:06:46', '2020-07-24 12:06:46', 'Inherit', 'Inherit', 'home', 'Home', NULL, '<p>Welcome to SilverStripe! This is the default homepage. You can edit this page by opening <a href=\"admin/\">the CMS</a>.</p><p>You can now access the <a href=\"http://docs.silverstripe.org\">developer documentation</a>, or begin the <a href=\"http://www.silverstripe.org/learn/lessons\">SilverStripe lessons</a>.</p>', NULL, NULL, 1, 1, 1, 0, 0, NULL, 0),
(2, 1, 2, 1, 0, 1, 0, 0, 'Page', '2020-07-24 12:06:46', '2020-07-24 12:06:46', 'Inherit', 'Inherit', 'home', 'Home', NULL, '<p>Welcome to SilverStripe! This is the default homepage. You can edit this page by opening <a href=\"admin/\">the CMS</a>.</p><p>You can now access the <a href=\"http://docs.silverstripe.org\">developer documentation</a>, or begin the <a href=\"http://www.silverstripe.org/learn/lessons\">SilverStripe lessons</a>.</p>', NULL, NULL, 1, 1, 1, 0, 0, NULL, 0),
(3, 2, 1, 0, 0, 1, 0, 0, 'Page', '2020-07-24 12:06:46', '2020-07-24 12:06:46', 'Inherit', 'Inherit', 'about-us', 'About Us', NULL, '<p>You can fill this page out with your own content, or delete it and create your own pages.</p>', NULL, NULL, 1, 1, 2, 0, 0, NULL, 0),
(4, 2, 2, 1, 0, 1, 0, 0, 'Page', '2020-07-24 12:06:46', '2020-07-24 12:06:46', 'Inherit', 'Inherit', 'about-us', 'About Us', NULL, '<p>You can fill this page out with your own content, or delete it and create your own pages.</p>', NULL, NULL, 1, 1, 2, 0, 0, NULL, 0),
(5, 3, 1, 0, 0, 1, 0, 0, 'Page', '2020-07-24 12:06:46', '2020-07-24 12:06:46', 'Inherit', 'Inherit', 'contact-us', 'Contact Us', NULL, '<p>You can fill this page out with your own content, or delete it and create your own pages.</p>', NULL, NULL, 1, 1, 3, 0, 0, NULL, 0),
(6, 3, 2, 1, 0, 1, 0, 0, 'Page', '2020-07-24 12:06:46', '2020-07-24 12:06:46', 'Inherit', 'Inherit', 'contact-us', 'Contact Us', NULL, '<p>You can fill this page out with your own content, or delete it and create your own pages.</p>', NULL, NULL, 1, 1, 3, 0, 0, NULL, 0),
(7, 4, 1, 0, 0, 1, 0, 0, 'SilverStripe\\ErrorPage\\ErrorPage', '2020-07-24 12:06:46', '2020-07-24 12:06:46', 'Inherit', 'Inherit', 'page-not-found', 'Page not found', NULL, '<p>Sorry, it seems you were trying to access a page that doesn\'t exist.</p><p>Please check the spelling of the URL you were trying to access and try again.</p>', NULL, NULL, 0, 0, 4, 0, 0, NULL, 0),
(8, 4, 2, 1, 0, 1, 0, 0, 'SilverStripe\\ErrorPage\\ErrorPage', '2020-07-24 12:06:46', '2020-07-24 12:06:46', 'Inherit', 'Inherit', 'page-not-found', 'Page not found', NULL, '<p>Sorry, it seems you were trying to access a page that doesn\'t exist.</p><p>Please check the spelling of the URL you were trying to access and try again.</p>', NULL, NULL, 0, 0, 4, 0, 0, NULL, 0),
(9, 5, 1, 0, 0, 1, 0, 0, 'SilverStripe\\ErrorPage\\ErrorPage', '2020-07-24 12:06:46', '2020-07-24 12:06:46', 'Inherit', 'Inherit', 'server-error', 'Server error', NULL, '<p>Sorry, there was a problem with handling your request.</p>', NULL, NULL, 0, 0, 5, 0, 0, NULL, 0),
(10, 5, 2, 1, 0, 1, 0, 0, 'SilverStripe\\ErrorPage\\ErrorPage', '2020-07-24 12:06:46', '2020-07-24 12:06:46', 'Inherit', 'Inherit', 'server-error', 'Server error', NULL, '<p>Sorry, there was a problem with handling your request.</p>', NULL, NULL, 0, 0, 5, 0, 0, NULL, 0),
(11, 6, 1, 0, 0, 1, 1, 0, 'StereoClub\\Drinks\\DrinksPage', '2020-07-24 12:39:38', '2020-07-24 12:39:38', 'Inherit', 'Inherit', 'new-drinks-page', 'New Drinks Page', NULL, NULL, NULL, NULL, 1, 1, 6, 0, 0, NULL, 0),
(12, 1, 3, 0, 0, 1, 1, 0, 'StereoClub\\Drinks\\DrinksPage', '2020-07-24 12:39:58', '2020-07-24 12:06:46', 'Inherit', 'Inherit', 'home', 'Home', NULL, '<p>Welcome to SilverStripe! This is the default homepage. You can edit this page by opening <a href=\"admin/\">the CMS</a>.</p><p>You can now access the <a href=\"http://docs.silverstripe.org\">developer documentation</a>, or begin the <a href=\"http://www.silverstripe.org/learn/lessons\">SilverStripe lessons</a>.</p>', NULL, NULL, 1, 1, 1, 0, 0, NULL, 0),
(13, 1, 4, 1, 0, 1, 1, 1, 'StereoClub\\Drinks\\DrinksPage', '2020-07-24 12:39:58', '2020-07-24 12:06:46', 'Inherit', 'Inherit', 'home', 'Home', NULL, '<p>Welcome to SilverStripe! This is the default homepage. You can edit this page by opening <a href=\"admin/\">the CMS</a>.</p><p>You can now access the <a href=\"http://docs.silverstripe.org\">developer documentation</a>, or begin the <a href=\"http://www.silverstripe.org/learn/lessons\">SilverStripe lessons</a>.</p>', NULL, NULL, 1, 1, 1, 0, 0, NULL, 0),
(14, 1, 5, 0, 0, 1, 1, 0, 'StereoClub\\Drinks\\DrinksPage', '2020-07-24 12:41:02', '2020-07-24 12:06:46', 'Inherit', 'Inherit', 'home', 'WELCOME TO STEREOCLUB', NULL, '<p><strong>Lorem Ipsum</strong><span>&nbsp;is simply dummy text of the printing and typesetting industry. Lorem Ipsum has been the industry\'s standard dummy text ever since the 1500s, when an unknown printer took a galley of type and scrambled it to make a type specimen book.</span></p>', NULL, NULL, 1, 1, 1, 0, 0, NULL, 0),
(15, 1, 6, 1, 0, 1, 1, 1, 'StereoClub\\Drinks\\DrinksPage', '2020-07-24 12:41:02', '2020-07-24 12:06:46', 'Inherit', 'Inherit', 'home', 'WELCOME TO STEREOCLUB', NULL, '<p><strong>Lorem Ipsum</strong><span>&nbsp;is simply dummy text of the printing and typesetting industry. Lorem Ipsum has been the industry\'s standard dummy text ever since the 1500s, when an unknown printer took a galley of type and scrambled it to make a type specimen book.</span></p>', NULL, NULL, 1, 1, 1, 0, 0, NULL, 0),
(16, 6, 2, 1, 1, 1, 1, 1, 'StereoClub\\Drinks\\DrinksPage', '2020-07-24 12:41:36', '2020-07-24 12:39:38', 'Inherit', 'Inherit', NULL, NULL, NULL, NULL, NULL, NULL, 0, 0, 0, 0, 0, NULL, 0),
(17, 7, 1, 0, 0, 1, 1, 0, 'StereoClub\\Drinks\\DrinksPage', '2020-07-26 16:10:53', '2020-07-26 16:10:53', 'Inherit', 'Inherit', 'home-2', 'WELCOME TO STEREOCLUB', NULL, '<p><strong>Lorem Ipsum</strong><span>&nbsp;is simply dummy text of the printing and typesetting industry. Lorem Ipsum has been the industry\'s standard dummy text ever since the 1500s, when an unknown printer took a galley of type and scrambled it to make a type specimen book.</span></p>', NULL, NULL, 1, 1, 6, 0, 0, NULL, 0),
(18, 8, 1, 0, 0, 1, 1, 0, 'StereoClub\\Drinks\\DrinksPage', '2020-07-26 16:12:05', '2020-07-26 16:12:05', 'Inherit', 'Inherit', 'new-drinks-page', 'New Drinks Page', NULL, NULL, NULL, NULL, 1, 1, 1, 0, 0, NULL, 1),
(19, 7, 2, 1, 1, 1, 1, 1, 'StereoClub\\Drinks\\DrinksPage', '2020-07-26 16:12:51', '2020-07-26 16:10:53', 'Inherit', 'Inherit', NULL, NULL, NULL, NULL, NULL, NULL, 0, 0, 0, 0, 0, NULL, 0),
(20, 8, 2, 0, 0, 1, 1, 0, 'StereoClub\\Drinks\\DrinksPage', '2020-07-26 16:13:16', '2020-07-26 16:12:05', 'Inherit', 'Inherit', 'sortedprice-2', 'sortedPrice', NULL, NULL, NULL, NULL, 1, 1, 1, 0, 0, NULL, 1),
(21, 8, 3, 1, 0, 1, 1, 1, 'StereoClub\\Drinks\\DrinksPage', '2020-07-26 16:13:16', '2020-07-26 16:12:05', 'Inherit', 'Inherit', 'sortedprice-2', 'sortedPrice', NULL, NULL, NULL, NULL, 1, 1, 1, 0, 0, NULL, 1),
(22, 8, 4, 1, 1, 1, 1, 1, 'StereoClub\\Drinks\\DrinksPage', '2020-07-26 16:15:48', '2020-07-26 16:12:05', 'Inherit', 'Inherit', NULL, NULL, NULL, NULL, NULL, NULL, 0, 0, 0, 0, 0, NULL, 0),
(23, 3, 3, 1, 1, 1, 1, 1, 'Page', '2020-07-27 18:34:58', '2020-07-24 12:06:46', 'Inherit', 'Inherit', NULL, NULL, NULL, NULL, NULL, NULL, 0, 0, 0, 0, 0, NULL, 0),
(24, 2, 3, 1, 1, 1, 1, 1, 'Page', '2020-07-27 18:35:05', '2020-07-24 12:06:46', 'Inherit', 'Inherit', NULL, NULL, NULL, NULL, NULL, NULL, 0, 0, 0, 0, 0, NULL, 0);

-- --------------------------------------------------------

--
-- Table structure for table `SiteTree_ViewerGroups`
--

CREATE TABLE `SiteTree_ViewerGroups` (
  `ID` int(11) NOT NULL,
  `SiteTreeID` int(11) NOT NULL DEFAULT '0',
  `GroupID` int(11) NOT NULL DEFAULT '0'
) ENGINE=InnoDB DEFAULT CHARSET=utf8;

-- --------------------------------------------------------

--
-- Table structure for table `StereoClub_Drinks_Drink`
--

CREATE TABLE `StereoClub_Drinks_Drink` (
  `ID` int(11) NOT NULL,
  `ClassName` enum('StereoClub\\Drinks\\Drink') DEFAULT 'StereoClub\\Drinks\\Drink',
  `LastEdited` datetime DEFAULT NULL,
  `Created` datetime DEFAULT NULL,
  `Version` int(11) NOT NULL DEFAULT '0',
  `Title` varchar(255) DEFAULT NULL,
  `Price` decimal(9,2) NOT NULL DEFAULT '0.00',
  `Description` mediumtext,
  `Ingredients` mediumtext,
  `PrimaryPhotoID` int(11) NOT NULL DEFAULT '0',
  `DrinksPageID` int(11) NOT NULL DEFAULT '0',
  `DateTime` datetime DEFAULT NULL,
  `Date` datetime DEFAULT NULL
) ENGINE=InnoDB DEFAULT CHARSET=utf8;

--
-- Dumping data for table `StereoClub_Drinks_Drink`
--

INSERT INTO `StereoClub_Drinks_Drink` (`ID`, `ClassName`, `LastEdited`, `Created`, `Version`, `Title`, `Price`, `Description`, `Ingredients`, `PrimaryPhotoID`, `DrinksPageID`, `DateTime`, `Date`) VALUES
(1, 'StereoClub\\Drinks\\Drink', '2020-07-26 18:05:29', '2020-07-24 13:26:07', 6, 'Martinez', '20.00', 'Not quite a Manhattan and not quite a Martini, the Martinez uses \"Old Tom,\" a slightly sweeter style of gin that debuted in the mid-1800s. For the authentic taste, ask for it by name.', '- 1.5 oz Old Tom gin\r\n- 1.5 oz sweet vermouth\r\n- .25 oz Luxardo maraschino liqueur\r\n- 2 dashes Angostura or orange bitters', 2, 1, NULL, '2020-07-26 20:00:00'),
(2, 'StereoClub\\Drinks\\Drink', '2020-07-26 18:35:51', '2020-07-24 13:27:40', 6, 'Dark & Stormy', '15.00', 'The Dark \'n Stormy was created on Bermuda in the late 1800s when British sailors, already rum fans, took to brewing ginger beer and combined their two favorites into one tasty concoction. Traditionally the cocktail is made exclusively with Bermuda-native Goslings Black Seal Rum.', '- 1.5 oz Goslings Black Seal Rum\r\n- Ginger beer to top', 3, 1, NULL, '2020-07-18 21:35:00'),
(3, 'StereoClub\\Drinks\\Drink', '2020-07-26 18:36:04', '2020-07-24 13:30:26', 6, 'Daiquiri', '14.00', 'Forget the sweet frozen version made with a blender. A classic daiquiri is one of the most well-balanced cocktails around.', '- 2 oz light rum\r\n- 1 oz simple syrup\r\n- 1 oz lime juice', 4, 1, NULL, '2020-07-23 16:35:00'),
(4, 'StereoClub\\Drinks\\Drink', '2020-07-25 12:09:17', '2020-07-25 12:09:17', 2, 'Mint Julep', '9.00', 'The official drink of the Kentucky Derby is worth ordering even when you\'re not at Churchill Downs.', '- 2 oz bourbon\r\n- 8-10 mint leaves\r\n- .25 oz simple syrup', 5, 1, NULL, NULL),
(5, 'StereoClub\\Drinks\\Drink', '2020-07-26 10:42:23', '2020-07-26 10:42:23', 2, 'Sidecar', '13.00', 'This simple mix of brandy, lemon juice, and orange liqueur dates to the 1920s. Once you try one you\'ll understand why the recipe has survived so long.', '- 2 oz VS or VSOP Cognac\r\n- 1 oz Cointreau\r\n- .75 oz lemon juice', 6, 1, NULL, NULL),
(6, 'StereoClub\\Drinks\\Drink', '2020-07-26 18:36:21', '2020-07-26 10:42:58', 4, 'Paloma', '11.00', 'In Mexico the paloma is just as popular as the classic margarita, and with a thirst-quenching combination of tequila, lime, and grapefruit soda it\'s bound to become a summer favorite of yours too.', '- 2 oz tequila\r\n- .5 oz lime juice\r\n- Grapefruit soda to top', 5, 1, NULL, '2020-07-14 00:48:00'),
(7, 'StereoClub\\Drinks\\Drink', '2020-07-26 10:43:31', '2020-07-26 10:43:31', 2, 'Mimosa', '18.00', 'We\'d like to salute Frank Meier, the bartender at the Ritz Paris who in 1925 reportedly served the first mimosa. The recipe just might be the simplest cocktail ever created', '- 2.5 oz champagne\r\n- 2.5 oz orange juice', 4, 1, NULL, NULL),
(8, 'StereoClub\\Drinks\\Drink', '2020-07-26 10:44:45', '2020-07-26 10:43:56', 4, 'Pimm\'s Cup', '20.00', 'The first official Pimm\'s bar popped up at the 1971 Wimbledon tournament, and now more than 80,000 pints of the quintessential British summer cocktail are served to spectators every year. Here\'s the official recipe courtesy of Pimm\'s:', '- 50 ml (about 1.75 oz) Pimm\'s No.1\r\n- 150 ml (about 5 oz) lemonade\r\n- Mint, orange, strawberries\r\n- Cucumber to garnish', 2, 1, NULL, NULL),
(9, 'StereoClub\\Drinks\\Drink', '2020-07-26 10:44:30', '2020-07-26 10:44:22', 4, 'Sazerac', '9.00', 'If you like a drink with some bite, give this classic New Orleans concoction a try.', '- 2 oz rye whiskey\r\n- .5 oz simple syrup\r\n- 2 dashes Peychaud\'s bitters\r\n- Absinthe', 3, 1, NULL, NULL),
(10, 'StereoClub\\Drinks\\Drink', '2020-07-26 16:10:53', '2020-07-26 16:10:53', 1, 'Martinez', '20.00', 'Not quite a Manhattan and not quite a Martini, the Martinez uses \"Old Tom,\" a slightly sweeter style of gin that debuted in the mid-1800s. For the authentic taste, ask for it by name.', '- 1.5 oz Old Tom gin\r\n- 1.5 oz sweet vermouth\r\n- .25 oz Luxardo maraschino liqueur\r\n- 2 dashes Angostura or orange bitters', 2, 7, NULL, NULL),
(11, 'StereoClub\\Drinks\\Drink', '2020-07-26 16:10:53', '2020-07-26 16:10:53', 1, 'Dark & Stormy', '15.00', 'The Dark \'n Stormy was created on Bermuda in the late 1800s when British sailors, already rum fans, took to brewing ginger beer and combined their two favorites into one tasty concoction. Traditionally the cocktail is made exclusively with Bermuda-native Goslings Black Seal Rum.', '- 1.5 oz Goslings Black Seal Rum\r\n- Ginger beer to top', 3, 7, NULL, NULL),
(12, 'StereoClub\\Drinks\\Drink', '2020-07-26 16:10:53', '2020-07-26 16:10:53', 1, 'Daiquiri', '14.00', 'Forget the sweet frozen version made with a blender. A classic daiquiri is one of the most well-balanced cocktails around.', '- 2 oz light rum\r\n- 1 oz simple syrup\r\n- 1 oz lime juice', 4, 7, NULL, NULL),
(13, 'StereoClub\\Drinks\\Drink', '2020-07-26 16:10:53', '2020-07-26 16:10:53', 1, 'Mint Julep', '9.00', 'The official drink of the Kentucky Derby is worth ordering even when you\'re not at Churchill Downs.', '- 2 oz bourbon\r\n- 8-10 mint leaves\r\n- .25 oz simple syrup', 5, 7, NULL, NULL),
(14, 'StereoClub\\Drinks\\Drink', '2020-07-26 16:10:53', '2020-07-26 16:10:53', 1, 'Sidecar', '13.00', 'This simple mix of brandy, lemon juice, and orange liqueur dates to the 1920s. Once you try one you\'ll understand why the recipe has survived so long.', '- 2 oz VS or VSOP Cognac\r\n- 1 oz Cointreau\r\n- .75 oz lemon juice', 6, 7, NULL, NULL),
(15, 'StereoClub\\Drinks\\Drink', '2020-07-26 16:10:53', '2020-07-26 16:10:53', 1, 'Paloma', '11.00', 'In Mexico the paloma is just as popular as the classic margarita, and with a thirst-quenching combination of tequila, lime, and grapefruit soda it\'s bound to become a summer favorite of yours too.', '- 2 oz tequila\r\n- .5 oz lime juice\r\n- Grapefruit soda to top', 5, 7, NULL, NULL),
(16, 'StereoClub\\Drinks\\Drink', '2020-07-26 16:10:53', '2020-07-26 16:10:53', 1, 'Mimosa', '18.00', 'We\'d like to salute Frank Meier, the bartender at the Ritz Paris who in 1925 reportedly served the first mimosa. The recipe just might be the simplest cocktail ever created', '- 2.5 oz champagne\r\n- 2.5 oz orange juice', 4, 7, NULL, NULL),
(17, 'StereoClub\\Drinks\\Drink', '2020-07-26 16:10:53', '2020-07-26 16:10:53', 1, 'Pimm\'s Cup', '20.00', 'The first official Pimm\'s bar popped up at the 1971 Wimbledon tournament, and now more than 80,000 pints of the quintessential British summer cocktail are served to spectators every year. Here\'s the official recipe courtesy of Pimm\'s:', '- 50 ml (about 1.75 oz) Pimm\'s No.1\r\n- 150 ml (about 5 oz) lemonade\r\n- Mint, orange, strawberries\r\n- Cucumber to garnish', 2, 7, NULL, NULL),
(18, 'StereoClub\\Drinks\\Drink', '2020-07-26 16:10:53', '2020-07-26 16:10:53', 1, 'Sazerac', '9.00', 'If you like a drink with some bite, give this classic New Orleans concoction a try.', '- 2 oz rye whiskey\r\n- .5 oz simple syrup\r\n- 2 dashes Peychaud\'s bitters\r\n- Absinthe', 3, 7, NULL, NULL),
(19, 'StereoClub\\Drinks\\Drink', '2020-07-27 19:35:48', '2020-07-27 19:35:48', 2, 'Old Fashioned', '30.00', 'GETTY IMAGES\r\nThere may be no better test of a bartender\'s mettle than ordering an Old Fashioned. The recipe is simple:', '- 2 oz bourbon or rye whiskey\r\n- 2 dashes Angostura bitters\r\n- 1 sugar cube or 1 tsp sugar\r\n- Orange twist garnish', 6, 1, NULL, '2020-07-27 21:35:00'),
(20, 'StereoClub\\Drinks\\Drink', '2020-07-27 19:36:31', '2020-07-27 19:36:30', 2, 'Margarita', '16.00', 'Cloyingly sweet margarita mixes have given this drink a bad name. A well-made version is a fresh mix of lime juice and tequila, with a hint of sweetener:', '- 2 oz silver tequila\r\n- 1 oz Cointreau\r\n- 1 oz lime juice\r\n- Salt for the rim', 4, 1, NULL, '2020-07-27 21:39:00'),
(21, 'StereoClub\\Drinks\\Drink', '2020-07-27 19:37:31', '2020-07-27 19:37:02', 4, 'Cosmopolitan', '10.00', 'The cosmo became almost ubiquitous in the \'90s thanks to the TV show Sex and the City, but this spin on the martini remains just as tasty today as when Carrie Bradshaw made it famous.', '- 1.5 oz citrus vodka\r\n- 1 oz Cointreau\r\n- .5 oz lime juice\r\n- .25 oz cranberry juice', 3, 1, NULL, '2020-07-25 02:36:00');

-- --------------------------------------------------------

--
-- Table structure for table `StereoClub_Drinks_Drink_Live`
--

CREATE TABLE `StereoClub_Drinks_Drink_Live` (
  `ID` int(11) NOT NULL,
  `ClassName` enum('StereoClub\\Drinks\\Drink') DEFAULT 'StereoClub\\Drinks\\Drink',
  `LastEdited` datetime DEFAULT NULL,
  `Created` datetime DEFAULT NULL,
  `Version` int(11) NOT NULL DEFAULT '0',
  `Title` varchar(255) DEFAULT NULL,
  `Price` decimal(9,2) NOT NULL DEFAULT '0.00',
  `Description` mediumtext,
  `Ingredients` mediumtext,
  `PrimaryPhotoID` int(11) NOT NULL DEFAULT '0',
  `DrinksPageID` int(11) NOT NULL DEFAULT '0',
  `DateTime` datetime DEFAULT NULL,
  `Date` datetime DEFAULT NULL
) ENGINE=InnoDB DEFAULT CHARSET=utf8;

--
-- Dumping data for table `StereoClub_Drinks_Drink_Live`
--

INSERT INTO `StereoClub_Drinks_Drink_Live` (`ID`, `ClassName`, `LastEdited`, `Created`, `Version`, `Title`, `Price`, `Description`, `Ingredients`, `PrimaryPhotoID`, `DrinksPageID`, `DateTime`, `Date`) VALUES
(1, 'StereoClub\\Drinks\\Drink', '2020-07-26 18:05:29', '2020-07-24 13:26:07', 6, 'Martinez', '20.00', 'Not quite a Manhattan and not quite a Martini, the Martinez uses \"Old Tom,\" a slightly sweeter style of gin that debuted in the mid-1800s. For the authentic taste, ask for it by name.', '- 1.5 oz Old Tom gin\r\n- 1.5 oz sweet vermouth\r\n- .25 oz Luxardo maraschino liqueur\r\n- 2 dashes Angostura or orange bitters', 2, 1, NULL, '2020-07-26 20:00:00'),
(2, 'StereoClub\\Drinks\\Drink', '2020-07-26 18:35:51', '2020-07-24 13:27:40', 6, 'Dark & Stormy', '15.00', 'The Dark \'n Stormy was created on Bermuda in the late 1800s when British sailors, already rum fans, took to brewing ginger beer and combined their two favorites into one tasty concoction. Traditionally the cocktail is made exclusively with Bermuda-native Goslings Black Seal Rum.', '- 1.5 oz Goslings Black Seal Rum\r\n- Ginger beer to top', 3, 1, NULL, '2020-07-18 21:35:00'),
(3, 'StereoClub\\Drinks\\Drink', '2020-07-26 18:36:04', '2020-07-24 13:30:26', 6, 'Daiquiri', '14.00', 'Forget the sweet frozen version made with a blender. A classic daiquiri is one of the most well-balanced cocktails around.', '- 2 oz light rum\r\n- 1 oz simple syrup\r\n- 1 oz lime juice', 4, 1, NULL, '2020-07-23 16:35:00'),
(4, 'StereoClub\\Drinks\\Drink', '2020-07-25 12:09:17', '2020-07-25 12:09:17', 2, 'Mint Julep', '9.00', 'The official drink of the Kentucky Derby is worth ordering even when you\'re not at Churchill Downs.', '- 2 oz bourbon\r\n- 8-10 mint leaves\r\n- .25 oz simple syrup', 5, 1, NULL, NULL),
(5, 'StereoClub\\Drinks\\Drink', '2020-07-26 10:42:23', '2020-07-26 10:42:23', 2, 'Sidecar', '13.00', 'This simple mix of brandy, lemon juice, and orange liqueur dates to the 1920s. Once you try one you\'ll understand why the recipe has survived so long.', '- 2 oz VS or VSOP Cognac\r\n- 1 oz Cointreau\r\n- .75 oz lemon juice', 6, 1, NULL, NULL),
(6, 'StereoClub\\Drinks\\Drink', '2020-07-26 18:36:21', '2020-07-26 10:42:58', 4, 'Paloma', '11.00', 'In Mexico the paloma is just as popular as the classic margarita, and with a thirst-quenching combination of tequila, lime, and grapefruit soda it\'s bound to become a summer favorite of yours too.', '- 2 oz tequila\r\n- .5 oz lime juice\r\n- Grapefruit soda to top', 5, 1, NULL, '2020-07-14 00:48:00'),
(7, 'StereoClub\\Drinks\\Drink', '2020-07-26 10:43:31', '2020-07-26 10:43:31', 2, 'Mimosa', '18.00', 'We\'d like to salute Frank Meier, the bartender at the Ritz Paris who in 1925 reportedly served the first mimosa. The recipe just might be the simplest cocktail ever created', '- 2.5 oz champagne\r\n- 2.5 oz orange juice', 4, 1, NULL, NULL),
(8, 'StereoClub\\Drinks\\Drink', '2020-07-26 10:44:45', '2020-07-26 10:43:56', 4, 'Pimm\'s Cup', '20.00', 'The first official Pimm\'s bar popped up at the 1971 Wimbledon tournament, and now more than 80,000 pints of the quintessential British summer cocktail are served to spectators every year. Here\'s the official recipe courtesy of Pimm\'s:', '- 50 ml (about 1.75 oz) Pimm\'s No.1\r\n- 150 ml (about 5 oz) lemonade\r\n- Mint, orange, strawberries\r\n- Cucumber to garnish', 2, 1, NULL, NULL),
(9, 'StereoClub\\Drinks\\Drink', '2020-07-26 10:44:30', '2020-07-26 10:44:22', 4, 'Sazerac', '9.00', 'If you like a drink with some bite, give this classic New Orleans concoction a try.', '- 2 oz rye whiskey\r\n- .5 oz simple syrup\r\n- 2 dashes Peychaud\'s bitters\r\n- Absinthe', 3, 1, NULL, NULL),
(19, 'StereoClub\\Drinks\\Drink', '2020-07-27 19:35:48', '2020-07-27 19:35:48', 2, 'Old Fashioned', '30.00', 'GETTY IMAGES\r\nThere may be no better test of a bartender\'s mettle than ordering an Old Fashioned. The recipe is simple:', '- 2 oz bourbon or rye whiskey\r\n- 2 dashes Angostura bitters\r\n- 1 sugar cube or 1 tsp sugar\r\n- Orange twist garnish', 6, 1, NULL, '2020-07-27 21:35:00'),
(20, 'StereoClub\\Drinks\\Drink', '2020-07-27 19:36:31', '2020-07-27 19:36:30', 2, 'Margarita', '16.00', 'Cloyingly sweet margarita mixes have given this drink a bad name. A well-made version is a fresh mix of lime juice and tequila, with a hint of sweetener:', '- 2 oz silver tequila\r\n- 1 oz Cointreau\r\n- 1 oz lime juice\r\n- Salt for the rim', 4, 1, NULL, '2020-07-27 21:39:00'),
(21, 'StereoClub\\Drinks\\Drink', '2020-07-27 19:37:31', '2020-07-27 19:37:02', 4, 'Cosmopolitan', '10.00', 'The cosmo became almost ubiquitous in the \'90s thanks to the TV show Sex and the City, but this spin on the martini remains just as tasty today as when Carrie Bradshaw made it famous.', '- 1.5 oz citrus vodka\r\n- 1 oz Cointreau\r\n- .5 oz lime juice\r\n- .25 oz cranberry juice', 3, 1, NULL, '2020-07-25 02:36:00');

-- --------------------------------------------------------

--
-- Table structure for table `StereoClub_Drinks_Drink_Versions`
--

CREATE TABLE `StereoClub_Drinks_Drink_Versions` (
  `ID` int(11) NOT NULL,
  `RecordID` int(11) NOT NULL DEFAULT '0',
  `Version` int(11) NOT NULL DEFAULT '0',
  `WasPublished` tinyint(1) UNSIGNED NOT NULL DEFAULT '0',
  `WasDeleted` tinyint(1) UNSIGNED NOT NULL DEFAULT '0',
  `WasDraft` tinyint(1) UNSIGNED NOT NULL DEFAULT '1',
  `AuthorID` int(11) NOT NULL DEFAULT '0',
  `PublisherID` int(11) NOT NULL DEFAULT '0',
  `ClassName` enum('StereoClub\\Drinks\\Drink') DEFAULT 'StereoClub\\Drinks\\Drink',
  `LastEdited` datetime DEFAULT NULL,
  `Created` datetime DEFAULT NULL,
  `Title` varchar(255) DEFAULT NULL,
  `Price` decimal(9,2) NOT NULL DEFAULT '0.00',
  `Description` mediumtext,
  `Ingredients` mediumtext,
  `PrimaryPhotoID` int(11) NOT NULL DEFAULT '0',
  `DrinksPageID` int(11) NOT NULL DEFAULT '0',
  `DateTime` datetime DEFAULT NULL,
  `Date` datetime DEFAULT NULL
) ENGINE=InnoDB DEFAULT CHARSET=utf8;

--
-- Dumping data for table `StereoClub_Drinks_Drink_Versions`
--

INSERT INTO `StereoClub_Drinks_Drink_Versions` (`ID`, `RecordID`, `Version`, `WasPublished`, `WasDeleted`, `WasDraft`, `AuthorID`, `PublisherID`, `ClassName`, `LastEdited`, `Created`, `Title`, `Price`, `Description`, `Ingredients`, `PrimaryPhotoID`, `DrinksPageID`, `DateTime`, `Date`) VALUES
(1, 1, 1, 0, 0, 1, 1, 0, 'StereoClub\\Drinks\\Drink', '2020-07-24 13:26:07', '2020-07-24 13:26:07', 'Martinez', '20.00', 'Not quite a Manhattan and not quite a Martini, the Martinez uses \"Old Tom,\" a slightly sweeter style of gin that debuted in the mid-1800s. For the authentic taste, ask for it by name.', '- 1.5 oz Old Tom gin\r\n- 1.5 oz sweet vermouth\r\n- .25 oz Luxardo maraschino liqueur\r\n- 2 dashes Angostura or orange bitters', 2, 1, NULL, NULL),
(2, 1, 2, 1, 0, 1, 1, 1, 'StereoClub\\Drinks\\Drink', '2020-07-24 13:26:07', '2020-07-24 13:26:07', 'Martinez', '20.00', 'Not quite a Manhattan and not quite a Martini, the Martinez uses \"Old Tom,\" a slightly sweeter style of gin that debuted in the mid-1800s. For the authentic taste, ask for it by name.', '- 1.5 oz Old Tom gin\r\n- 1.5 oz sweet vermouth\r\n- .25 oz Luxardo maraschino liqueur\r\n- 2 dashes Angostura or orange bitters', 2, 1, NULL, NULL),
(3, 2, 1, 0, 0, 1, 1, 0, 'StereoClub\\Drinks\\Drink', '2020-07-24 13:27:40', '2020-07-24 13:27:40', 'Dark & Stormy', '15.00', 'The Dark \'n Stormy was created on Bermuda in the late 1800s when British sailors, already rum fans, took to brewing ginger beer and combined their two favorites into one tasty concoction. Traditionally the cocktail is made exclusively with Bermuda-native Goslings Black Seal Rum.', '- 1.5 oz Goslings Black Seal Rum\r\n- Ginger beer to top', 0, 1, NULL, NULL),
(4, 2, 2, 1, 0, 1, 1, 1, 'StereoClub\\Drinks\\Drink', '2020-07-24 13:27:41', '2020-07-24 13:27:40', 'Dark & Stormy', '15.00', 'The Dark \'n Stormy was created on Bermuda in the late 1800s when British sailors, already rum fans, took to brewing ginger beer and combined their two favorites into one tasty concoction. Traditionally the cocktail is made exclusively with Bermuda-native Goslings Black Seal Rum.', '- 1.5 oz Goslings Black Seal Rum\r\n- Ginger beer to top', 0, 1, NULL, NULL),
(5, 2, 3, 0, 0, 1, 1, 0, 'StereoClub\\Drinks\\Drink', '2020-07-24 13:27:49', '2020-07-24 13:27:40', 'Dark & Stormy', '15.00', 'The Dark \'n Stormy was created on Bermuda in the late 1800s when British sailors, already rum fans, took to brewing ginger beer and combined their two favorites into one tasty concoction. Traditionally the cocktail is made exclusively with Bermuda-native Goslings Black Seal Rum.', '- 1.5 oz Goslings Black Seal Rum\r\n- Ginger beer to top', 3, 1, NULL, NULL),
(6, 2, 4, 1, 0, 1, 1, 1, 'StereoClub\\Drinks\\Drink', '2020-07-24 13:27:49', '2020-07-24 13:27:40', 'Dark & Stormy', '15.00', 'The Dark \'n Stormy was created on Bermuda in the late 1800s when British sailors, already rum fans, took to brewing ginger beer and combined their two favorites into one tasty concoction. Traditionally the cocktail is made exclusively with Bermuda-native Goslings Black Seal Rum.', '- 1.5 oz Goslings Black Seal Rum\r\n- Ginger beer to top', 3, 1, NULL, NULL),
(7, 3, 1, 0, 0, 1, 1, 0, 'StereoClub\\Drinks\\Drink', '2020-07-24 13:30:26', '2020-07-24 13:30:26', 'Daiquiri', '14.00', 'Forget the sweet frozen version made with a blender. A classic daiquiri is one of the most well-balanced cocktails around.', '- 2 oz light rum\r\n- 1 oz simple syrup\r\n- 1 oz lime juice', 0, 1, NULL, NULL),
(8, 3, 2, 1, 0, 1, 1, 1, 'StereoClub\\Drinks\\Drink', '2020-07-24 13:30:26', '2020-07-24 13:30:26', 'Daiquiri', '14.00', 'Forget the sweet frozen version made with a blender. A classic daiquiri is one of the most well-balanced cocktails around.', '- 2 oz light rum\r\n- 1 oz simple syrup\r\n- 1 oz lime juice', 0, 1, NULL, NULL),
(9, 3, 3, 0, 0, 1, 1, 0, 'StereoClub\\Drinks\\Drink', '2020-07-24 13:31:04', '2020-07-24 13:30:26', 'Daiquiri', '14.00', 'Forget the sweet frozen version made with a blender. A classic daiquiri is one of the most well-balanced cocktails around.', '- 2 oz light rum\r\n- 1 oz simple syrup\r\n- 1 oz lime juice', 4, 1, NULL, NULL),
(10, 3, 4, 1, 0, 1, 1, 1, 'StereoClub\\Drinks\\Drink', '2020-07-24 13:31:08', '2020-07-24 13:30:26', 'Daiquiri', '14.00', 'Forget the sweet frozen version made with a blender. A classic daiquiri is one of the most well-balanced cocktails around.', '- 2 oz light rum\r\n- 1 oz simple syrup\r\n- 1 oz lime juice', 4, 1, NULL, NULL),
(11, 4, 1, 0, 0, 1, 1, 0, 'StereoClub\\Drinks\\Drink', '2020-07-25 12:09:17', '2020-07-25 12:09:17', 'Mint Julep', '9.00', 'The official drink of the Kentucky Derby is worth ordering even when you\'re not at Churchill Downs.', '- 2 oz bourbon\r\n- 8-10 mint leaves\r\n- .25 oz simple syrup', 5, 1, NULL, NULL),
(12, 4, 2, 1, 0, 1, 1, 1, 'StereoClub\\Drinks\\Drink', '2020-07-25 12:09:17', '2020-07-25 12:09:17', 'Mint Julep', '9.00', 'The official drink of the Kentucky Derby is worth ordering even when you\'re not at Churchill Downs.', '- 2 oz bourbon\r\n- 8-10 mint leaves\r\n- .25 oz simple syrup', 5, 1, NULL, NULL),
(13, 5, 1, 0, 0, 1, 1, 0, 'StereoClub\\Drinks\\Drink', '2020-07-26 10:42:23', '2020-07-26 10:42:23', 'Sidecar', '13.00', 'This simple mix of brandy, lemon juice, and orange liqueur dates to the 1920s. Once you try one you\'ll understand why the recipe has survived so long.', '- 2 oz VS or VSOP Cognac\r\n- 1 oz Cointreau\r\n- .75 oz lemon juice', 6, 1, NULL, NULL),
(14, 5, 2, 1, 0, 1, 1, 1, 'StereoClub\\Drinks\\Drink', '2020-07-26 10:42:23', '2020-07-26 10:42:23', 'Sidecar', '13.00', 'This simple mix of brandy, lemon juice, and orange liqueur dates to the 1920s. Once you try one you\'ll understand why the recipe has survived so long.', '- 2 oz VS or VSOP Cognac\r\n- 1 oz Cointreau\r\n- .75 oz lemon juice', 6, 1, NULL, NULL),
(15, 6, 1, 0, 0, 1, 1, 0, 'StereoClub\\Drinks\\Drink', '2020-07-26 10:42:58', '2020-07-26 10:42:58', 'Paloma', '11.00', 'In Mexico the paloma is just as popular as the classic margarita, and with a thirst-quenching combination of tequila, lime, and grapefruit soda it\'s bound to become a summer favorite of yours too.', '- 2 oz tequila\r\n- .5 oz lime juice\r\n- Grapefruit soda to top', 5, 1, NULL, NULL),
(16, 6, 2, 1, 0, 1, 1, 1, 'StereoClub\\Drinks\\Drink', '2020-07-26 10:42:58', '2020-07-26 10:42:58', 'Paloma', '11.00', 'In Mexico the paloma is just as popular as the classic margarita, and with a thirst-quenching combination of tequila, lime, and grapefruit soda it\'s bound to become a summer favorite of yours too.', '- 2 oz tequila\r\n- .5 oz lime juice\r\n- Grapefruit soda to top', 5, 1, NULL, NULL),
(17, 7, 1, 0, 0, 1, 1, 0, 'StereoClub\\Drinks\\Drink', '2020-07-26 10:43:31', '2020-07-26 10:43:31', 'Mimosa', '18.00', 'We\'d like to salute Frank Meier, the bartender at the Ritz Paris who in 1925 reportedly served the first mimosa. The recipe just might be the simplest cocktail ever created', '- 2.5 oz champagne\r\n- 2.5 oz orange juice', 4, 1, NULL, NULL),
(18, 7, 2, 1, 0, 1, 1, 1, 'StereoClub\\Drinks\\Drink', '2020-07-26 10:43:31', '2020-07-26 10:43:31', 'Mimosa', '18.00', 'We\'d like to salute Frank Meier, the bartender at the Ritz Paris who in 1925 reportedly served the first mimosa. The recipe just might be the simplest cocktail ever created', '- 2.5 oz champagne\r\n- 2.5 oz orange juice', 4, 1, NULL, NULL),
(19, 8, 1, 0, 0, 1, 1, 0, 'StereoClub\\Drinks\\Drink', '2020-07-26 10:43:56', '2020-07-26 10:43:56', 'Pimm\'s Cup', '20.00', 'The first official Pimm\'s bar popped up at the 1971 Wimbledon tournament, and now more than 80,000 pints of the quintessential British summer cocktail are served to spectators every year. Here\'s the official recipe courtesy of Pimm\'s:', '- 50 ml (about 1.75 oz) Pimm\'s No.1\r\n- 150 ml (about 5 oz) lemonade\r\n- Mint, orange, strawberries\r\n- Cucumber to garnish', 0, 1, NULL, NULL),
(20, 8, 2, 1, 0, 1, 1, 1, 'StereoClub\\Drinks\\Drink', '2020-07-26 10:43:56', '2020-07-26 10:43:56', 'Pimm\'s Cup', '20.00', 'The first official Pimm\'s bar popped up at the 1971 Wimbledon tournament, and now more than 80,000 pints of the quintessential British summer cocktail are served to spectators every year. Here\'s the official recipe courtesy of Pimm\'s:', '- 50 ml (about 1.75 oz) Pimm\'s No.1\r\n- 150 ml (about 5 oz) lemonade\r\n- Mint, orange, strawberries\r\n- Cucumber to garnish', 0, 1, NULL, NULL),
(21, 9, 1, 0, 0, 1, 1, 0, 'StereoClub\\Drinks\\Drink', '2020-07-26 10:44:22', '2020-07-26 10:44:22', 'Sazerac', '9.00', 'If you like a drink with some bite, give this classic New Orleans concoction a try.', '- 2 oz rye whiskey\r\n- .5 oz simple syrup\r\n- 2 dashes Peychaud\'s bitters\r\n- Absinthe', 0, 1, NULL, NULL),
(22, 9, 2, 1, 0, 1, 1, 1, 'StereoClub\\Drinks\\Drink', '2020-07-26 10:44:22', '2020-07-26 10:44:22', 'Sazerac', '9.00', 'If you like a drink with some bite, give this classic New Orleans concoction a try.', '- 2 oz rye whiskey\r\n- .5 oz simple syrup\r\n- 2 dashes Peychaud\'s bitters\r\n- Absinthe', 0, 1, NULL, NULL),
(23, 9, 3, 0, 0, 1, 1, 0, 'StereoClub\\Drinks\\Drink', '2020-07-26 10:44:29', '2020-07-26 10:44:22', 'Sazerac', '9.00', 'If you like a drink with some bite, give this classic New Orleans concoction a try.', '- 2 oz rye whiskey\r\n- .5 oz simple syrup\r\n- 2 dashes Peychaud\'s bitters\r\n- Absinthe', 3, 1, NULL, NULL),
(24, 9, 4, 1, 0, 1, 1, 1, 'StereoClub\\Drinks\\Drink', '2020-07-26 10:44:30', '2020-07-26 10:44:22', 'Sazerac', '9.00', 'If you like a drink with some bite, give this classic New Orleans concoction a try.', '- 2 oz rye whiskey\r\n- .5 oz simple syrup\r\n- 2 dashes Peychaud\'s bitters\r\n- Absinthe', 3, 1, NULL, NULL),
(25, 8, 3, 0, 0, 1, 1, 0, 'StereoClub\\Drinks\\Drink', '2020-07-26 10:44:45', '2020-07-26 10:43:56', 'Pimm\'s Cup', '20.00', 'The first official Pimm\'s bar popped up at the 1971 Wimbledon tournament, and now more than 80,000 pints of the quintessential British summer cocktail are served to spectators every year. Here\'s the official recipe courtesy of Pimm\'s:', '- 50 ml (about 1.75 oz) Pimm\'s No.1\r\n- 150 ml (about 5 oz) lemonade\r\n- Mint, orange, strawberries\r\n- Cucumber to garnish', 2, 1, NULL, NULL),
(26, 8, 4, 1, 0, 1, 1, 1, 'StereoClub\\Drinks\\Drink', '2020-07-26 10:44:45', '2020-07-26 10:43:56', 'Pimm\'s Cup', '20.00', 'The first official Pimm\'s bar popped up at the 1971 Wimbledon tournament, and now more than 80,000 pints of the quintessential British summer cocktail are served to spectators every year. Here\'s the official recipe courtesy of Pimm\'s:', '- 50 ml (about 1.75 oz) Pimm\'s No.1\r\n- 150 ml (about 5 oz) lemonade\r\n- Mint, orange, strawberries\r\n- Cucumber to garnish', 2, 1, NULL, NULL),
(27, 10, 1, 0, 0, 1, 1, 0, 'StereoClub\\Drinks\\Drink', '2020-07-26 16:10:53', '2020-07-26 16:10:53', 'Martinez', '20.00', 'Not quite a Manhattan and not quite a Martini, the Martinez uses \"Old Tom,\" a slightly sweeter style of gin that debuted in the mid-1800s. For the authentic taste, ask for it by name.', '- 1.5 oz Old Tom gin\r\n- 1.5 oz sweet vermouth\r\n- .25 oz Luxardo maraschino liqueur\r\n- 2 dashes Angostura or orange bitters', 2, 7, NULL, NULL),
(28, 11, 1, 0, 0, 1, 1, 0, 'StereoClub\\Drinks\\Drink', '2020-07-26 16:10:53', '2020-07-26 16:10:53', 'Dark & Stormy', '15.00', 'The Dark \'n Stormy was created on Bermuda in the late 1800s when British sailors, already rum fans, took to brewing ginger beer and combined their two favorites into one tasty concoction. Traditionally the cocktail is made exclusively with Bermuda-native Goslings Black Seal Rum.', '- 1.5 oz Goslings Black Seal Rum\r\n- Ginger beer to top', 3, 7, NULL, NULL),
(29, 12, 1, 0, 0, 1, 1, 0, 'StereoClub\\Drinks\\Drink', '2020-07-26 16:10:53', '2020-07-26 16:10:53', 'Daiquiri', '14.00', 'Forget the sweet frozen version made with a blender. A classic daiquiri is one of the most well-balanced cocktails around.', '- 2 oz light rum\r\n- 1 oz simple syrup\r\n- 1 oz lime juice', 4, 7, NULL, NULL),
(30, 13, 1, 0, 0, 1, 1, 0, 'StereoClub\\Drinks\\Drink', '2020-07-26 16:10:53', '2020-07-26 16:10:53', 'Mint Julep', '9.00', 'The official drink of the Kentucky Derby is worth ordering even when you\'re not at Churchill Downs.', '- 2 oz bourbon\r\n- 8-10 mint leaves\r\n- .25 oz simple syrup', 5, 7, NULL, NULL),
(31, 14, 1, 0, 0, 1, 1, 0, 'StereoClub\\Drinks\\Drink', '2020-07-26 16:10:53', '2020-07-26 16:10:53', 'Sidecar', '13.00', 'This simple mix of brandy, lemon juice, and orange liqueur dates to the 1920s. Once you try one you\'ll understand why the recipe has survived so long.', '- 2 oz VS or VSOP Cognac\r\n- 1 oz Cointreau\r\n- .75 oz lemon juice', 6, 7, NULL, NULL),
(32, 15, 1, 0, 0, 1, 1, 0, 'StereoClub\\Drinks\\Drink', '2020-07-26 16:10:53', '2020-07-26 16:10:53', 'Paloma', '11.00', 'In Mexico the paloma is just as popular as the classic margarita, and with a thirst-quenching combination of tequila, lime, and grapefruit soda it\'s bound to become a summer favorite of yours too.', '- 2 oz tequila\r\n- .5 oz lime juice\r\n- Grapefruit soda to top', 5, 7, NULL, NULL),
(33, 16, 1, 0, 0, 1, 1, 0, 'StereoClub\\Drinks\\Drink', '2020-07-26 16:10:53', '2020-07-26 16:10:53', 'Mimosa', '18.00', 'We\'d like to salute Frank Meier, the bartender at the Ritz Paris who in 1925 reportedly served the first mimosa. The recipe just might be the simplest cocktail ever created', '- 2.5 oz champagne\r\n- 2.5 oz orange juice', 4, 7, NULL, NULL),
(34, 17, 1, 0, 0, 1, 1, 0, 'StereoClub\\Drinks\\Drink', '2020-07-26 16:10:53', '2020-07-26 16:10:53', 'Pimm\'s Cup', '20.00', 'The first official Pimm\'s bar popped up at the 1971 Wimbledon tournament, and now more than 80,000 pints of the quintessential British summer cocktail are served to spectators every year. Here\'s the official recipe courtesy of Pimm\'s:', '- 50 ml (about 1.75 oz) Pimm\'s No.1\r\n- 150 ml (about 5 oz) lemonade\r\n- Mint, orange, strawberries\r\n- Cucumber to garnish', 2, 7, NULL, NULL),
(35, 18, 1, 0, 0, 1, 1, 0, 'StereoClub\\Drinks\\Drink', '2020-07-26 16:10:53', '2020-07-26 16:10:53', 'Sazerac', '9.00', 'If you like a drink with some bite, give this classic New Orleans concoction a try.', '- 2 oz rye whiskey\r\n- .5 oz simple syrup\r\n- 2 dashes Peychaud\'s bitters\r\n- Absinthe', 3, 7, NULL, NULL),
(36, 1, 3, 0, 0, 1, 1, 0, 'StereoClub\\Drinks\\Drink', '2020-07-26 17:55:56', '2020-07-24 13:26:07', 'Martinez', '20.00', 'Not quite a Manhattan and not quite a Martini, the Martinez uses \"Old Tom,\" a slightly sweeter style of gin that debuted in the mid-1800s. For the authentic taste, ask for it by name.', '- 1.5 oz Old Tom gin\r\n- 1.5 oz sweet vermouth\r\n- .25 oz Luxardo maraschino liqueur\r\n- 2 dashes Angostura or orange bitters', 2, 1, NULL, '2020-07-26 00:00:00'),
(37, 1, 4, 1, 0, 1, 1, 1, 'StereoClub\\Drinks\\Drink', '2020-07-26 17:55:56', '2020-07-24 13:26:07', 'Martinez', '20.00', 'Not quite a Manhattan and not quite a Martini, the Martinez uses \"Old Tom,\" a slightly sweeter style of gin that debuted in the mid-1800s. For the authentic taste, ask for it by name.', '- 1.5 oz Old Tom gin\r\n- 1.5 oz sweet vermouth\r\n- .25 oz Luxardo maraschino liqueur\r\n- 2 dashes Angostura or orange bitters', 2, 1, NULL, '2020-07-26 00:00:00'),
(38, 1, 5, 0, 0, 1, 1, 0, 'StereoClub\\Drinks\\Drink', '2020-07-26 18:05:29', '2020-07-24 13:26:07', 'Martinez', '20.00', 'Not quite a Manhattan and not quite a Martini, the Martinez uses \"Old Tom,\" a slightly sweeter style of gin that debuted in the mid-1800s. For the authentic taste, ask for it by name.', '- 1.5 oz Old Tom gin\r\n- 1.5 oz sweet vermouth\r\n- .25 oz Luxardo maraschino liqueur\r\n- 2 dashes Angostura or orange bitters', 2, 1, NULL, '2020-07-26 20:00:00'),
(39, 1, 6, 1, 0, 1, 1, 1, 'StereoClub\\Drinks\\Drink', '2020-07-26 18:05:29', '2020-07-24 13:26:07', 'Martinez', '20.00', 'Not quite a Manhattan and not quite a Martini, the Martinez uses \"Old Tom,\" a slightly sweeter style of gin that debuted in the mid-1800s. For the authentic taste, ask for it by name.', '- 1.5 oz Old Tom gin\r\n- 1.5 oz sweet vermouth\r\n- .25 oz Luxardo maraschino liqueur\r\n- 2 dashes Angostura or orange bitters', 2, 1, NULL, '2020-07-26 20:00:00'),
(40, 2, 5, 0, 0, 1, 1, 0, 'StereoClub\\Drinks\\Drink', '2020-07-26 18:35:51', '2020-07-24 13:27:40', 'Dark & Stormy', '15.00', 'The Dark \'n Stormy was created on Bermuda in the late 1800s when British sailors, already rum fans, took to brewing ginger beer and combined their two favorites into one tasty concoction. Traditionally the cocktail is made exclusively with Bermuda-native Goslings Black Seal Rum.', '- 1.5 oz Goslings Black Seal Rum\r\n- Ginger beer to top', 3, 1, NULL, '2020-07-18 21:35:00'),
(41, 2, 6, 1, 0, 1, 1, 1, 'StereoClub\\Drinks\\Drink', '2020-07-26 18:35:51', '2020-07-24 13:27:40', 'Dark & Stormy', '15.00', 'The Dark \'n Stormy was created on Bermuda in the late 1800s when British sailors, already rum fans, took to brewing ginger beer and combined their two favorites into one tasty concoction. Traditionally the cocktail is made exclusively with Bermuda-native Goslings Black Seal Rum.', '- 1.5 oz Goslings Black Seal Rum\r\n- Ginger beer to top', 3, 1, NULL, '2020-07-18 21:35:00'),
(42, 3, 5, 0, 0, 1, 1, 0, 'StereoClub\\Drinks\\Drink', '2020-07-26 18:36:04', '2020-07-24 13:30:26', 'Daiquiri', '14.00', 'Forget the sweet frozen version made with a blender. A classic daiquiri is one of the most well-balanced cocktails around.', '- 2 oz light rum\r\n- 1 oz simple syrup\r\n- 1 oz lime juice', 4, 1, NULL, '2020-07-23 16:35:00'),
(43, 3, 6, 1, 0, 1, 1, 1, 'StereoClub\\Drinks\\Drink', '2020-07-26 18:36:04', '2020-07-24 13:30:26', 'Daiquiri', '14.00', 'Forget the sweet frozen version made with a blender. A classic daiquiri is one of the most well-balanced cocktails around.', '- 2 oz light rum\r\n- 1 oz simple syrup\r\n- 1 oz lime juice', 4, 1, NULL, '2020-07-23 16:35:00'),
(44, 6, 3, 0, 0, 1, 1, 0, 'StereoClub\\Drinks\\Drink', '2020-07-26 18:36:21', '2020-07-26 10:42:58', 'Paloma', '11.00', 'In Mexico the paloma is just as popular as the classic margarita, and with a thirst-quenching combination of tequila, lime, and grapefruit soda it\'s bound to become a summer favorite of yours too.', '- 2 oz tequila\r\n- .5 oz lime juice\r\n- Grapefruit soda to top', 5, 1, NULL, '2020-07-14 00:48:00'),
(45, 6, 4, 1, 0, 1, 1, 1, 'StereoClub\\Drinks\\Drink', '2020-07-26 18:36:21', '2020-07-26 10:42:58', 'Paloma', '11.00', 'In Mexico the paloma is just as popular as the classic margarita, and with a thirst-quenching combination of tequila, lime, and grapefruit soda it\'s bound to become a summer favorite of yours too.', '- 2 oz tequila\r\n- .5 oz lime juice\r\n- Grapefruit soda to top', 5, 1, NULL, '2020-07-14 00:48:00'),
(46, 19, 1, 0, 0, 1, 1, 0, 'StereoClub\\Drinks\\Drink', '2020-07-27 19:35:48', '2020-07-27 19:35:48', 'Old Fashioned', '30.00', 'GETTY IMAGES\r\nThere may be no better test of a bartender\'s mettle than ordering an Old Fashioned. The recipe is simple:', '- 2 oz bourbon or rye whiskey\r\n- 2 dashes Angostura bitters\r\n- 1 sugar cube or 1 tsp sugar\r\n- Orange twist garnish', 6, 1, NULL, '2020-07-27 21:35:00'),
(47, 19, 2, 1, 0, 1, 1, 1, 'StereoClub\\Drinks\\Drink', '2020-07-27 19:35:48', '2020-07-27 19:35:48', 'Old Fashioned', '30.00', 'GETTY IMAGES\r\nThere may be no better test of a bartender\'s mettle than ordering an Old Fashioned. The recipe is simple:', '- 2 oz bourbon or rye whiskey\r\n- 2 dashes Angostura bitters\r\n- 1 sugar cube or 1 tsp sugar\r\n- Orange twist garnish', 6, 1, NULL, '2020-07-27 21:35:00'),
(48, 20, 1, 0, 0, 1, 1, 0, 'StereoClub\\Drinks\\Drink', '2020-07-27 19:36:30', '2020-07-27 19:36:30', 'Margarita', '16.00', 'Cloyingly sweet margarita mixes have given this drink a bad name. A well-made version is a fresh mix of lime juice and tequila, with a hint of sweetener:', '- 2 oz silver tequila\r\n- 1 oz Cointreau\r\n- 1 oz lime juice\r\n- Salt for the rim', 4, 1, NULL, '2020-07-27 21:39:00'),
(49, 20, 2, 1, 0, 1, 1, 1, 'StereoClub\\Drinks\\Drink', '2020-07-27 19:36:31', '2020-07-27 19:36:30', 'Margarita', '16.00', 'Cloyingly sweet margarita mixes have given this drink a bad name. A well-made version is a fresh mix of lime juice and tequila, with a hint of sweetener:', '- 2 oz silver tequila\r\n- 1 oz Cointreau\r\n- 1 oz lime juice\r\n- Salt for the rim', 4, 1, NULL, '2020-07-27 21:39:00'),
(50, 21, 1, 0, 0, 1, 1, 0, 'StereoClub\\Drinks\\Drink', '2020-07-27 19:37:02', '2020-07-27 19:37:02', 'Cosmopolitan', '10.00', 'The cosmo became almost ubiquitous in the \'90s thanks to the TV show Sex and the City, but this spin on the martini remains just as tasty today as when Carrie Bradshaw made it famous.', '- 1.5 oz citrus vodka\r\n- 1 oz Cointreau\r\n- .5 oz lime juice\r\n- .25 oz cranberry juice', 0, 1, NULL, '2020-07-25 02:36:00'),
(51, 21, 2, 1, 0, 1, 1, 1, 'StereoClub\\Drinks\\Drink', '2020-07-27 19:37:02', '2020-07-27 19:37:02', 'Cosmopolitan', '10.00', 'The cosmo became almost ubiquitous in the \'90s thanks to the TV show Sex and the City, but this spin on the martini remains just as tasty today as when Carrie Bradshaw made it famous.', '- 1.5 oz citrus vodka\r\n- 1 oz Cointreau\r\n- .5 oz lime juice\r\n- .25 oz cranberry juice', 0, 1, NULL, '2020-07-25 02:36:00'),
(52, 21, 3, 0, 0, 1, 1, 0, 'StereoClub\\Drinks\\Drink', '2020-07-27 19:37:31', '2020-07-27 19:37:02', 'Cosmopolitan', '10.00', 'The cosmo became almost ubiquitous in the \'90s thanks to the TV show Sex and the City, but this spin on the martini remains just as tasty today as when Carrie Bradshaw made it famous.', '- 1.5 oz citrus vodka\r\n- 1 oz Cointreau\r\n- .5 oz lime juice\r\n- .25 oz cranberry juice', 3, 1, NULL, '2020-07-25 02:36:00'),
(53, 21, 4, 1, 0, 1, 1, 1, 'StereoClub\\Drinks\\Drink', '2020-07-27 19:37:31', '2020-07-27 19:37:02', 'Cosmopolitan', '10.00', 'The cosmo became almost ubiquitous in the \'90s thanks to the TV show Sex and the City, but this spin on the martini remains just as tasty today as when Carrie Bradshaw made it famous.', '- 1.5 oz citrus vodka\r\n- 1 oz Cointreau\r\n- .5 oz lime juice\r\n- .25 oz cranberry juice', 3, 1, NULL, '2020-07-25 02:36:00');

-- --------------------------------------------------------

--
-- Table structure for table `VirtualPage`
--

CREATE TABLE `VirtualPage` (
  `ID` int(11) NOT NULL,
  `VersionID` int(11) NOT NULL DEFAULT '0',
  `CopyContentFromID` int(11) NOT NULL DEFAULT '0'
) ENGINE=InnoDB DEFAULT CHARSET=utf8;

-- --------------------------------------------------------

--
-- Table structure for table `VirtualPage_Live`
--

CREATE TABLE `VirtualPage_Live` (
  `ID` int(11) NOT NULL,
  `VersionID` int(11) NOT NULL DEFAULT '0',
  `CopyContentFromID` int(11) NOT NULL DEFAULT '0'
) ENGINE=InnoDB DEFAULT CHARSET=utf8;

-- --------------------------------------------------------

--
-- Table structure for table `VirtualPage_Versions`
--

CREATE TABLE `VirtualPage_Versions` (
  `ID` int(11) NOT NULL,
  `RecordID` int(11) NOT NULL DEFAULT '0',
  `Version` int(11) NOT NULL DEFAULT '0',
  `VersionID` int(11) NOT NULL DEFAULT '0',
  `CopyContentFromID` int(11) NOT NULL DEFAULT '0'
) ENGINE=InnoDB DEFAULT CHARSET=utf8;

--
-- Indexes for dumped tables
--

--
-- Indexes for table `ChangeSet`
--
ALTER TABLE `ChangeSet`
  ADD PRIMARY KEY (`ID`),
  ADD KEY `State` (`State`),
  ADD KEY `ID` (`ID`),
  ADD KEY `ClassName` (`ClassName`),
  ADD KEY `OwnerID` (`OwnerID`),
  ADD KEY `PublisherID` (`PublisherID`);

--
-- Indexes for table `ChangeSetItem`
--
ALTER TABLE `ChangeSetItem`
  ADD PRIMARY KEY (`ID`),
  ADD UNIQUE KEY `ObjectUniquePerChangeSet` (`ObjectID`,`ObjectClass`,`ChangeSetID`),
  ADD KEY `ClassName` (`ClassName`),
  ADD KEY `ChangeSetID` (`ChangeSetID`),
  ADD KEY `Object` (`ObjectID`,`ObjectClass`);

--
-- Indexes for table `ChangeSetItem_ReferencedBy`
--
ALTER TABLE `ChangeSetItem_ReferencedBy`
  ADD PRIMARY KEY (`ID`),
  ADD KEY `ChangeSetItemID` (`ChangeSetItemID`),
  ADD KEY `ChildID` (`ChildID`);

--
-- Indexes for table `ErrorPage`
--
ALTER TABLE `ErrorPage`
  ADD PRIMARY KEY (`ID`);

--
-- Indexes for table `ErrorPage_Live`
--
ALTER TABLE `ErrorPage_Live`
  ADD PRIMARY KEY (`ID`);

--
-- Indexes for table `ErrorPage_Versions`
--
ALTER TABLE `ErrorPage_Versions`
  ADD PRIMARY KEY (`ID`),
  ADD UNIQUE KEY `RecordID_Version` (`RecordID`,`Version`),
  ADD KEY `RecordID` (`RecordID`),
  ADD KEY `Version` (`Version`);

--
-- Indexes for table `File`
--
ALTER TABLE `File`
  ADD PRIMARY KEY (`ID`),
  ADD KEY `Name` (`Name`),
  ADD KEY `ClassName` (`ClassName`),
  ADD KEY `ParentID` (`ParentID`),
  ADD KEY `OwnerID` (`OwnerID`),
  ADD KEY `FileHash` (`FileHash`);

--
-- Indexes for table `FileLink`
--
ALTER TABLE `FileLink`
  ADD PRIMARY KEY (`ID`),
  ADD KEY `ClassName` (`ClassName`),
  ADD KEY `LinkedID` (`LinkedID`),
  ADD KEY `Parent` (`ParentID`,`ParentClass`);

--
-- Indexes for table `File_EditorGroups`
--
ALTER TABLE `File_EditorGroups`
  ADD PRIMARY KEY (`ID`),
  ADD KEY `FileID` (`FileID`),
  ADD KEY `GroupID` (`GroupID`);

--
-- Indexes for table `File_Live`
--
ALTER TABLE `File_Live`
  ADD PRIMARY KEY (`ID`),
  ADD KEY `Name` (`Name`),
  ADD KEY `ClassName` (`ClassName`),
  ADD KEY `ParentID` (`ParentID`),
  ADD KEY `OwnerID` (`OwnerID`),
  ADD KEY `FileHash` (`FileHash`);

--
-- Indexes for table `File_Versions`
--
ALTER TABLE `File_Versions`
  ADD PRIMARY KEY (`ID`),
  ADD KEY `RecordID_Version` (`RecordID`,`Version`),
  ADD KEY `RecordID` (`RecordID`),
  ADD KEY `Version` (`Version`),
  ADD KEY `AuthorID` (`AuthorID`),
  ADD KEY `PublisherID` (`PublisherID`),
  ADD KEY `Name` (`Name`),
  ADD KEY `ClassName` (`ClassName`),
  ADD KEY `ParentID` (`ParentID`),
  ADD KEY `OwnerID` (`OwnerID`),
  ADD KEY `FileHash` (`FileHash`);

--
-- Indexes for table `File_ViewerGroups`
--
ALTER TABLE `File_ViewerGroups`
  ADD PRIMARY KEY (`ID`),
  ADD KEY `FileID` (`FileID`),
  ADD KEY `GroupID` (`GroupID`);

--
-- Indexes for table `Group`
--
ALTER TABLE `Group`
  ADD PRIMARY KEY (`ID`),
  ADD KEY `ClassName` (`ClassName`),
  ADD KEY `ParentID` (`ParentID`);

--
-- Indexes for table `Group_Members`
--
ALTER TABLE `Group_Members`
  ADD PRIMARY KEY (`ID`),
  ADD KEY `GroupID` (`GroupID`),
  ADD KEY `MemberID` (`MemberID`);

--
-- Indexes for table `Group_Roles`
--
ALTER TABLE `Group_Roles`
  ADD PRIMARY KEY (`ID`),
  ADD KEY `GroupID` (`GroupID`),
  ADD KEY `PermissionRoleID` (`PermissionRoleID`);

--
-- Indexes for table `LoginAttempt`
--
ALTER TABLE `LoginAttempt`
  ADD PRIMARY KEY (`ID`),
  ADD KEY `ClassName` (`ClassName`),
  ADD KEY `MemberID` (`MemberID`),
  ADD KEY `EmailHashed` (`EmailHashed`);

--
-- Indexes for table `Member`
--
ALTER TABLE `Member`
  ADD PRIMARY KEY (`ID`),
  ADD KEY `Surname` (`Surname`),
  ADD KEY `FirstName` (`FirstName`),
  ADD KEY `ClassName` (`ClassName`),
  ADD KEY `Email` (`Email`);

--
-- Indexes for table `MemberPassword`
--
ALTER TABLE `MemberPassword`
  ADD PRIMARY KEY (`ID`),
  ADD KEY `ClassName` (`ClassName`),
  ADD KEY `MemberID` (`MemberID`);

--
-- Indexes for table `Permission`
--
ALTER TABLE `Permission`
  ADD PRIMARY KEY (`ID`),
  ADD KEY `ClassName` (`ClassName`),
  ADD KEY `GroupID` (`GroupID`),
  ADD KEY `Code` (`Code`);

--
-- Indexes for table `PermissionRole`
--
ALTER TABLE `PermissionRole`
  ADD PRIMARY KEY (`ID`),
  ADD KEY `Title` (`Title`),
  ADD KEY `ClassName` (`ClassName`);

--
-- Indexes for table `PermissionRoleCode`
--
ALTER TABLE `PermissionRoleCode`
  ADD PRIMARY KEY (`ID`),
  ADD KEY `ClassName` (`ClassName`),
  ADD KEY `RoleID` (`RoleID`);

--
-- Indexes for table `RedirectorPage`
--
ALTER TABLE `RedirectorPage`
  ADD PRIMARY KEY (`ID`),
  ADD KEY `LinkToID` (`LinkToID`);

--
-- Indexes for table `RedirectorPage_Live`
--
ALTER TABLE `RedirectorPage_Live`
  ADD PRIMARY KEY (`ID`),
  ADD KEY `LinkToID` (`LinkToID`);

--
-- Indexes for table `RedirectorPage_Versions`
--
ALTER TABLE `RedirectorPage_Versions`
  ADD PRIMARY KEY (`ID`),
  ADD UNIQUE KEY `RecordID_Version` (`RecordID`,`Version`),
  ADD KEY `RecordID` (`RecordID`),
  ADD KEY `Version` (`Version`),
  ADD KEY `LinkToID` (`LinkToID`);

--
-- Indexes for table `RememberLoginHash`
--
ALTER TABLE `RememberLoginHash`
  ADD PRIMARY KEY (`ID`),
  ADD KEY `ClassName` (`ClassName`),
  ADD KEY `MemberID` (`MemberID`),
  ADD KEY `DeviceID` (`DeviceID`),
  ADD KEY `Hash` (`Hash`);

--
-- Indexes for table `SiteConfig`
--
ALTER TABLE `SiteConfig`
  ADD PRIMARY KEY (`ID`),
  ADD KEY `ClassName` (`ClassName`);

--
-- Indexes for table `SiteConfig_CreateTopLevelGroups`
--
ALTER TABLE `SiteConfig_CreateTopLevelGroups`
  ADD PRIMARY KEY (`ID`),
  ADD KEY `SiteConfigID` (`SiteConfigID`),
  ADD KEY `GroupID` (`GroupID`);

--
-- Indexes for table `SiteConfig_EditorGroups`
--
ALTER TABLE `SiteConfig_EditorGroups`
  ADD PRIMARY KEY (`ID`),
  ADD KEY `SiteConfigID` (`SiteConfigID`),
  ADD KEY `GroupID` (`GroupID`);

--
-- Indexes for table `SiteConfig_ViewerGroups`
--
ALTER TABLE `SiteConfig_ViewerGroups`
  ADD PRIMARY KEY (`ID`),
  ADD KEY `SiteConfigID` (`SiteConfigID`),
  ADD KEY `GroupID` (`GroupID`);

--
-- Indexes for table `SiteTree`
--
ALTER TABLE `SiteTree`
  ADD PRIMARY KEY (`ID`),
  ADD KEY `Sort` (`Sort`),
  ADD KEY `ClassName` (`ClassName`),
  ADD KEY `ParentID` (`ParentID`),
  ADD KEY `URLSegment` (`URLSegment`);

--
-- Indexes for table `SiteTreeLink`
--
ALTER TABLE `SiteTreeLink`
  ADD PRIMARY KEY (`ID`),
  ADD KEY `ClassName` (`ClassName`),
  ADD KEY `LinkedID` (`LinkedID`),
  ADD KEY `Parent` (`ParentID`,`ParentClass`);

--
-- Indexes for table `SiteTree_EditorGroups`
--
ALTER TABLE `SiteTree_EditorGroups`
  ADD PRIMARY KEY (`ID`),
  ADD KEY `SiteTreeID` (`SiteTreeID`),
  ADD KEY `GroupID` (`GroupID`);

--
-- Indexes for table `SiteTree_Live`
--
ALTER TABLE `SiteTree_Live`
  ADD PRIMARY KEY (`ID`),
  ADD KEY `Sort` (`Sort`),
  ADD KEY `ClassName` (`ClassName`),
  ADD KEY `ParentID` (`ParentID`),
  ADD KEY `URLSegment` (`URLSegment`);

--
-- Indexes for table `SiteTree_Versions`
--
ALTER TABLE `SiteTree_Versions`
  ADD PRIMARY KEY (`ID`),
  ADD KEY `RecordID_Version` (`RecordID`,`Version`),
  ADD KEY `RecordID` (`RecordID`),
  ADD KEY `Version` (`Version`),
  ADD KEY `AuthorID` (`AuthorID`),
  ADD KEY `PublisherID` (`PublisherID`),
  ADD KEY `Sort` (`Sort`),
  ADD KEY `ClassName` (`ClassName`),
  ADD KEY `ParentID` (`ParentID`),
  ADD KEY `URLSegment` (`URLSegment`);

--
-- Indexes for table `SiteTree_ViewerGroups`
--
ALTER TABLE `SiteTree_ViewerGroups`
  ADD PRIMARY KEY (`ID`),
  ADD KEY `SiteTreeID` (`SiteTreeID`),
  ADD KEY `GroupID` (`GroupID`);

--
-- Indexes for table `StereoClub_Drinks_Drink`
--
ALTER TABLE `StereoClub_Drinks_Drink`
  ADD PRIMARY KEY (`ID`),
  ADD KEY `ClassName` (`ClassName`),
  ADD KEY `PrimaryPhotoID` (`PrimaryPhotoID`),
  ADD KEY `DrinksPageID` (`DrinksPageID`);

--
-- Indexes for table `StereoClub_Drinks_Drink_Live`
--
ALTER TABLE `StereoClub_Drinks_Drink_Live`
  ADD PRIMARY KEY (`ID`),
  ADD KEY `ClassName` (`ClassName`),
  ADD KEY `PrimaryPhotoID` (`PrimaryPhotoID`),
  ADD KEY `DrinksPageID` (`DrinksPageID`);

--
-- Indexes for table `StereoClub_Drinks_Drink_Versions`
--
ALTER TABLE `StereoClub_Drinks_Drink_Versions`
  ADD PRIMARY KEY (`ID`),
  ADD KEY `RecordID_Version` (`RecordID`,`Version`),
  ADD KEY `RecordID` (`RecordID`),
  ADD KEY `Version` (`Version`),
  ADD KEY `AuthorID` (`AuthorID`),
  ADD KEY `PublisherID` (`PublisherID`),
  ADD KEY `ClassName` (`ClassName`),
  ADD KEY `PrimaryPhotoID` (`PrimaryPhotoID`),
  ADD KEY `DrinksPageID` (`DrinksPageID`);

--
-- Indexes for table `VirtualPage`
--
ALTER TABLE `VirtualPage`
  ADD PRIMARY KEY (`ID`),
  ADD KEY `CopyContentFromID` (`CopyContentFromID`);

--
-- Indexes for table `VirtualPage_Live`
--
ALTER TABLE `VirtualPage_Live`
  ADD PRIMARY KEY (`ID`),
  ADD KEY `CopyContentFromID` (`CopyContentFromID`);

--
-- Indexes for table `VirtualPage_Versions`
--
ALTER TABLE `VirtualPage_Versions`
  ADD PRIMARY KEY (`ID`),
  ADD UNIQUE KEY `RecordID_Version` (`RecordID`,`Version`),
  ADD KEY `RecordID` (`RecordID`),
  ADD KEY `Version` (`Version`),
  ADD KEY `CopyContentFromID` (`CopyContentFromID`);

--
-- AUTO_INCREMENT for dumped tables
--

--
-- AUTO_INCREMENT for table `ChangeSet`
--
ALTER TABLE `ChangeSet`
  MODIFY `ID` int(11) NOT NULL AUTO_INCREMENT, AUTO_INCREMENT=29;

--
-- AUTO_INCREMENT for table `ChangeSetItem`
--
ALTER TABLE `ChangeSetItem`
  MODIFY `ID` int(11) NOT NULL AUTO_INCREMENT, AUTO_INCREMENT=46;

--
-- AUTO_INCREMENT for table `ChangeSetItem_ReferencedBy`
--
ALTER TABLE `ChangeSetItem_ReferencedBy`
  MODIFY `ID` int(11) NOT NULL AUTO_INCREMENT, AUTO_INCREMENT=18;

--
-- AUTO_INCREMENT for table `ErrorPage`
--
ALTER TABLE `ErrorPage`
  MODIFY `ID` int(11) NOT NULL AUTO_INCREMENT, AUTO_INCREMENT=6;

--
-- AUTO_INCREMENT for table `ErrorPage_Live`
--
ALTER TABLE `ErrorPage_Live`
  MODIFY `ID` int(11) NOT NULL AUTO_INCREMENT, AUTO_INCREMENT=6;

--
-- AUTO_INCREMENT for table `ErrorPage_Versions`
--
ALTER TABLE `ErrorPage_Versions`
  MODIFY `ID` int(11) NOT NULL AUTO_INCREMENT, AUTO_INCREMENT=5;

--
-- AUTO_INCREMENT for table `File`
--
ALTER TABLE `File`
  MODIFY `ID` int(11) NOT NULL AUTO_INCREMENT, AUTO_INCREMENT=7;

--
-- AUTO_INCREMENT for table `FileLink`
--
ALTER TABLE `FileLink`
  MODIFY `ID` int(11) NOT NULL AUTO_INCREMENT;

--
-- AUTO_INCREMENT for table `File_EditorGroups`
--
ALTER TABLE `File_EditorGroups`
  MODIFY `ID` int(11) NOT NULL AUTO_INCREMENT;

--
-- AUTO_INCREMENT for table `File_Live`
--
ALTER TABLE `File_Live`
  MODIFY `ID` int(11) NOT NULL AUTO_INCREMENT, AUTO_INCREMENT=7;

--
-- AUTO_INCREMENT for table `File_Versions`
--
ALTER TABLE `File_Versions`
  MODIFY `ID` int(11) NOT NULL AUTO_INCREMENT, AUTO_INCREMENT=13;

--
-- AUTO_INCREMENT for table `File_ViewerGroups`
--
ALTER TABLE `File_ViewerGroups`
  MODIFY `ID` int(11) NOT NULL AUTO_INCREMENT;

--
-- AUTO_INCREMENT for table `Group`
--
ALTER TABLE `Group`
  MODIFY `ID` int(11) NOT NULL AUTO_INCREMENT, AUTO_INCREMENT=3;

--
-- AUTO_INCREMENT for table `Group_Members`
--
ALTER TABLE `Group_Members`
  MODIFY `ID` int(11) NOT NULL AUTO_INCREMENT, AUTO_INCREMENT=2;

--
-- AUTO_INCREMENT for table `Group_Roles`
--
ALTER TABLE `Group_Roles`
  MODIFY `ID` int(11) NOT NULL AUTO_INCREMENT;

--
-- AUTO_INCREMENT for table `LoginAttempt`
--
ALTER TABLE `LoginAttempt`
  MODIFY `ID` int(11) NOT NULL AUTO_INCREMENT, AUTO_INCREMENT=5;

--
-- AUTO_INCREMENT for table `Member`
--
ALTER TABLE `Member`
  MODIFY `ID` int(11) NOT NULL AUTO_INCREMENT, AUTO_INCREMENT=2;

--
-- AUTO_INCREMENT for table `MemberPassword`
--
ALTER TABLE `MemberPassword`
  MODIFY `ID` int(11) NOT NULL AUTO_INCREMENT, AUTO_INCREMENT=2;

--
-- AUTO_INCREMENT for table `Permission`
--
ALTER TABLE `Permission`
  MODIFY `ID` int(11) NOT NULL AUTO_INCREMENT, AUTO_INCREMENT=6;

--
-- AUTO_INCREMENT for table `PermissionRole`
--
ALTER TABLE `PermissionRole`
  MODIFY `ID` int(11) NOT NULL AUTO_INCREMENT;

--
-- AUTO_INCREMENT for table `PermissionRoleCode`
--
ALTER TABLE `PermissionRoleCode`
  MODIFY `ID` int(11) NOT NULL AUTO_INCREMENT;

--
-- AUTO_INCREMENT for table `RedirectorPage`
--
ALTER TABLE `RedirectorPage`
  MODIFY `ID` int(11) NOT NULL AUTO_INCREMENT;

--
-- AUTO_INCREMENT for table `RedirectorPage_Live`
--
ALTER TABLE `RedirectorPage_Live`
  MODIFY `ID` int(11) NOT NULL AUTO_INCREMENT;

--
-- AUTO_INCREMENT for table `RedirectorPage_Versions`
--
ALTER TABLE `RedirectorPage_Versions`
  MODIFY `ID` int(11) NOT NULL AUTO_INCREMENT;

--
-- AUTO_INCREMENT for table `RememberLoginHash`
--
ALTER TABLE `RememberLoginHash`
  MODIFY `ID` int(11) NOT NULL AUTO_INCREMENT, AUTO_INCREMENT=3;

--
-- AUTO_INCREMENT for table `SiteConfig`
--
ALTER TABLE `SiteConfig`
  MODIFY `ID` int(11) NOT NULL AUTO_INCREMENT, AUTO_INCREMENT=2;

--
-- AUTO_INCREMENT for table `SiteConfig_CreateTopLevelGroups`
--
ALTER TABLE `SiteConfig_CreateTopLevelGroups`
  MODIFY `ID` int(11) NOT NULL AUTO_INCREMENT;

--
-- AUTO_INCREMENT for table `SiteConfig_EditorGroups`
--
ALTER TABLE `SiteConfig_EditorGroups`
  MODIFY `ID` int(11) NOT NULL AUTO_INCREMENT;

--
-- AUTO_INCREMENT for table `SiteConfig_ViewerGroups`
--
ALTER TABLE `SiteConfig_ViewerGroups`
  MODIFY `ID` int(11) NOT NULL AUTO_INCREMENT;

--
-- AUTO_INCREMENT for table `SiteTree`
--
ALTER TABLE `SiteTree`
  MODIFY `ID` int(11) NOT NULL AUTO_INCREMENT, AUTO_INCREMENT=6;

--
-- AUTO_INCREMENT for table `SiteTreeLink`
--
ALTER TABLE `SiteTreeLink`
  MODIFY `ID` int(11) NOT NULL AUTO_INCREMENT;

--
-- AUTO_INCREMENT for table `SiteTree_EditorGroups`
--
ALTER TABLE `SiteTree_EditorGroups`
  MODIFY `ID` int(11) NOT NULL AUTO_INCREMENT;

--
-- AUTO_INCREMENT for table `SiteTree_Live`
--
ALTER TABLE `SiteTree_Live`
  MODIFY `ID` int(11) NOT NULL AUTO_INCREMENT, AUTO_INCREMENT=6;

--
-- AUTO_INCREMENT for table `SiteTree_Versions`
--
ALTER TABLE `SiteTree_Versions`
  MODIFY `ID` int(11) NOT NULL AUTO_INCREMENT, AUTO_INCREMENT=25;

--
-- AUTO_INCREMENT for table `SiteTree_ViewerGroups`
--
ALTER TABLE `SiteTree_ViewerGroups`
  MODIFY `ID` int(11) NOT NULL AUTO_INCREMENT;

--
-- AUTO_INCREMENT for table `StereoClub_Drinks_Drink`
--
ALTER TABLE `StereoClub_Drinks_Drink`
  MODIFY `ID` int(11) NOT NULL AUTO_INCREMENT, AUTO_INCREMENT=22;

--
-- AUTO_INCREMENT for table `StereoClub_Drinks_Drink_Live`
--
ALTER TABLE `StereoClub_Drinks_Drink_Live`
  MODIFY `ID` int(11) NOT NULL AUTO_INCREMENT, AUTO_INCREMENT=22;

--
-- AUTO_INCREMENT for table `StereoClub_Drinks_Drink_Versions`
--
ALTER TABLE `StereoClub_Drinks_Drink_Versions`
  MODIFY `ID` int(11) NOT NULL AUTO_INCREMENT, AUTO_INCREMENT=54;

--
-- AUTO_INCREMENT for table `VirtualPage`
--
ALTER TABLE `VirtualPage`
  MODIFY `ID` int(11) NOT NULL AUTO_INCREMENT;

--
-- AUTO_INCREMENT for table `VirtualPage_Live`
--
ALTER TABLE `VirtualPage_Live`
  MODIFY `ID` int(11) NOT NULL AUTO_INCREMENT;

--
-- AUTO_INCREMENT for table `VirtualPage_Versions`
--
ALTER TABLE `VirtualPage_Versions`
  MODIFY `ID` int(11) NOT NULL AUTO_INCREMENT;

/*!40101 SET CHARACTER_SET_CLIENT=@OLD_CHARACTER_SET_CLIENT */;
/*!40101 SET CHARACTER_SET_RESULTS=@OLD_CHARACTER_SET_RESULTS */;
/*!40101 SET COLLATION_CONNECTION=@OLD_COLLATION_CONNECTION */;
